"","feature","anovas.Legend_ex_INTERVENTION DenDF","anovas.Legend_ex_INTERVENTION F value","anovas.Legend_ex_INTERVENTION Mean Sq","anovas.Legend_ex_INTERVENTION NumDF","anovas.Legend_ex_INTERVENTION Pr(>F)","anovas.Legend_ex_INTERVENTION Sum Sq","anovas.Legend_ex_INTERVENTION:Treatment DenDF","anovas.Legend_ex_INTERVENTION:Treatment F value","anovas.Legend_ex_INTERVENTION:Treatment Mean Sq","anovas.Legend_ex_INTERVENTION:Treatment NumDF","anovas.Legend_ex_INTERVENTION:Treatment Pr(>F)","anovas.Legend_ex_INTERVENTION:Treatment Sum Sq","anovas.Treatment DenDF","anovas.Treatment F value","anovas.Treatment Mean Sq","anovas.Treatment NumDF","anovas.Treatment Pr(>F)","anovas.Treatment Sum Sq","coefs.(Intercept) 2.5 %","coefs.(Intercept) 97.5 %","coefs.(Intercept) df","coefs.(Intercept) Estimate","coefs.(Intercept) Pr(>|t|)","coefs.(Intercept) Std. Error","coefs.(Intercept) t value","coefs.Legend_ex_INTERVENTIONDay 14 of intervention (T14I) 2.5 %","coefs.Legend_ex_INTERVENTIONDay 14 of intervention (T14I) 97.5 %","coefs.Legend_ex_INTERVENTIONDay 14 of intervention (T14I) df","coefs.Legend_ex_INTERVENTIONDay 14 of intervention (T14I) Estimate","coefs.Legend_ex_INTERVENTIONDay 14 of intervention (T14I) Pr(>|t|)","coefs.Legend_ex_INTERVENTIONDay 14 of intervention (T14I) Std. Error","coefs.Legend_ex_INTERVENTIONDay 14 of intervention (T14I) t value","coefs.Legend_ex_INTERVENTIONDay 14 of intervention (T14I):TreatmentDECAF 2.5 %","coefs.Legend_ex_INTERVENTIONDay 14 of intervention (T14I):TreatmentDECAF 97.5 %","coefs.Legend_ex_INTERVENTIONDay 14 of intervention (T14I):TreatmentDECAF df","coefs.Legend_ex_INTERVENTIONDay 14 of intervention (T14I):TreatmentDECAF Estimate","coefs.Legend_ex_INTERVENTIONDay 14 of intervention (T14I):TreatmentDECAF Pr(>|t|)","coefs.Legend_ex_INTERVENTIONDay 14 of intervention (T14I):TreatmentDECAF Std. Error","coefs.Legend_ex_INTERVENTIONDay 14 of intervention (T14I):TreatmentDECAF t value","coefs.Legend_ex_INTERVENTIONDay 2 of intervention (T2I) 2.5 %","coefs.Legend_ex_INTERVENTIONDay 2 of intervention (T2I) 97.5 %","coefs.Legend_ex_INTERVENTIONDay 2 of intervention (T2I) df","coefs.Legend_ex_INTERVENTIONDay 2 of intervention (T2I) Estimate","coefs.Legend_ex_INTERVENTIONDay 2 of intervention (T2I) Pr(>|t|)","coefs.Legend_ex_INTERVENTIONDay 2 of intervention (T2I) Std. Error","coefs.Legend_ex_INTERVENTIONDay 2 of intervention (T2I) t value","coefs.Legend_ex_INTERVENTIONDay 2 of intervention (T2I):TreatmentDECAF 2.5 %","coefs.Legend_ex_INTERVENTIONDay 2 of intervention (T2I):TreatmentDECAF 97.5 %","coefs.Legend_ex_INTERVENTIONDay 2 of intervention (T2I):TreatmentDECAF df","coefs.Legend_ex_INTERVENTIONDay 2 of intervention (T2I):TreatmentDECAF Estimate","coefs.Legend_ex_INTERVENTIONDay 2 of intervention (T2I):TreatmentDECAF Pr(>|t|)","coefs.Legend_ex_INTERVENTIONDay 2 of intervention (T2I):TreatmentDECAF Std. Error","coefs.Legend_ex_INTERVENTIONDay 2 of intervention (T2I):TreatmentDECAF t value","coefs.Legend_ex_INTERVENTIONDay 4 of intervention (T4I) 2.5 %","coefs.Legend_ex_INTERVENTIONDay 4 of intervention (T4I) 97.5 %","coefs.Legend_ex_INTERVENTIONDay 4 of intervention (T4I) df","coefs.Legend_ex_INTERVENTIONDay 4 of intervention (T4I) Estimate","coefs.Legend_ex_INTERVENTIONDay 4 of intervention (T4I) Pr(>|t|)","coefs.Legend_ex_INTERVENTIONDay 4 of intervention (T4I) Std. Error","coefs.Legend_ex_INTERVENTIONDay 4 of intervention (T4I) t value","coefs.Legend_ex_INTERVENTIONDay 4 of intervention (T4I):TreatmentDECAF 2.5 %","coefs.Legend_ex_INTERVENTIONDay 4 of intervention (T4I):TreatmentDECAF 97.5 %","coefs.Legend_ex_INTERVENTIONDay 4 of intervention (T4I):TreatmentDECAF df","coefs.Legend_ex_INTERVENTIONDay 4 of intervention (T4I):TreatmentDECAF Estimate","coefs.Legend_ex_INTERVENTIONDay 4 of intervention (T4I):TreatmentDECAF Pr(>|t|)","coefs.Legend_ex_INTERVENTIONDay 4 of intervention (T4I):TreatmentDECAF Std. Error","coefs.Legend_ex_INTERVENTIONDay 4 of intervention (T4I):TreatmentDECAF t value","coefs.Legend_ex_INTERVENTIONPost-Intervention (V4) 2.5 %","coefs.Legend_ex_INTERVENTIONPost-Intervention (V4) 97.5 %","coefs.Legend_ex_INTERVENTIONPost-Intervention (V4) df","coefs.Legend_ex_INTERVENTIONPost-Intervention (V4) Estimate","coefs.Legend_ex_INTERVENTIONPost-Intervention (V4) Pr(>|t|)","coefs.Legend_ex_INTERVENTIONPost-Intervention (V4) Std. Error","coefs.Legend_ex_INTERVENTIONPost-Intervention (V4) t value","coefs.Legend_ex_INTERVENTIONPost-Intervention (V4):TreatmentDECAF 2.5 %","coefs.Legend_ex_INTERVENTIONPost-Intervention (V4):TreatmentDECAF 97.5 %","coefs.Legend_ex_INTERVENTIONPost-Intervention (V4):TreatmentDECAF df","coefs.Legend_ex_INTERVENTIONPost-Intervention (V4):TreatmentDECAF Estimate","coefs.Legend_ex_INTERVENTIONPost-Intervention (V4):TreatmentDECAF Pr(>|t|)","coefs.Legend_ex_INTERVENTIONPost-Intervention (V4):TreatmentDECAF Std. Error","coefs.Legend_ex_INTERVENTIONPost-Intervention (V4):TreatmentDECAF t value","coefs.TreatmentDECAF 2.5 %","coefs.TreatmentDECAF 97.5 %","coefs.TreatmentDECAF df","coefs.TreatmentDECAF Estimate","coefs.TreatmentDECAF Pr(>|t|)","coefs.TreatmentDECAF Std. Error","coefs.TreatmentDECAF t value","anovas.Legend_ex_INTERVENTION Pr(>F).BH","anovas.Legend_ex_INTERVENTION:Treatment Pr(>F).BH","anovas.Treatment Pr(>F).BH","coefs.(Intercept) Pr(>|t|).BH","coefs.Legend_ex_INTERVENTIONDay 14 of intervention (T14I) Pr(>|t|).BH","coefs.Legend_ex_INTERVENTIONDay 14 of intervention (T14I):TreatmentDECAF Pr(>|t|).BH","coefs.Legend_ex_INTERVENTIONDay 2 of intervention (T2I) Pr(>|t|).BH","coefs.Legend_ex_INTERVENTIONDay 2 of intervention (T2I):TreatmentDECAF Pr(>|t|).BH","coefs.Legend_ex_INTERVENTIONDay 4 of intervention (T4I) Pr(>|t|).BH","coefs.Legend_ex_INTERVENTIONDay 4 of intervention (T4I):TreatmentDECAF Pr(>|t|).BH","coefs.Legend_ex_INTERVENTIONPost-Intervention (V4) Pr(>|t|).BH","coefs.Legend_ex_INTERVENTIONPost-Intervention (V4):TreatmentDECAF Pr(>|t|).BH","coefs.TreatmentDECAF Pr(>|t|).BH"
"1","p-Cresol synthesis",122.37625935863,1.41798260609008,0.366088313110596,4,0.231985171967973,1.46435325244238,122.376259359317,1.59446479327867,0.411651683157911,4,0.180034971617719,1.64660673263164,31.039735431983,0.132017502853147,0.0340836796678673,1,0.718812257017013,0.0340836796678673,2.3068454199194,2.87897739187478,124.22151568954,2.59291140589709,6.61982390612025e-36,0.145954715614236,17.7651773358954,-0.878488140964342,-0.174296972957385,122.04970792656,-0.526392556960864,0.00404436622709897,0.17964390508232,-2.93019992367484,0.0722062001210263,1.09512964474506,122.491799275146,0.583667922433042,0.0271176900187456,0.260954653425451,2.23666416663378,-0.698073649559368,0.00611751844758907,122.049707924518,-0.34597806555589,0.056441307149307,0.17964390508232,-1.92591040256751,-0.0304614094676546,0.981877177964734,122.049707920587,0.47570788424854,0.0679007135438126,0.25825438513605,1.84201280453741,-0.720722214940955,-0.00327166660240963,122.83551249083,-0.361996940771682,0.0501855213843747,0.183026462220149,-1.97783935929583,0.00814430319434145,1.02975063824561,122.437578423232,0.518947470719975,0.0486836760213138,0.260618649911317,1.9912138709051,-0.479047902064239,0.225143265942718,122.049707923236,-0.12695231806076,0.481106940205863,0.17964390508232,-0.706688701754651,-0.153757209287406,0.858581378144982,122.049707916939,0.352412084428788,0.174891705142794,0.25825438513605,1.36459283834865,-0.749392107601556,0.0730994239998333,124.221515700476,-0.338146341800861,0.109591750258826,0.209823123814799,-1.61157805514004,0.354082630898485,0.371164306867614,0.989782007226964,1.47672994828836e-35,0.0167552315122672,0.0871444040148462,0.11691413623785,0.132815956966692,0.226791508269755,0.235304434103017,0.934058863779749,0.360507629074553,0.63563215150119
"2","Inositol degradation",121.885357242636,0.170832627394405,0.07858786424716,4,0.952923882522511,0.31435145698864,121.885357242203,2.15824806438559,0.992855454386029,4,0.0777023885569258,3.97142181754412,30.7802927204851,1.64900470689426,0.758589035507504,1,0.208676442374128,0.758589035507504,-0.994816896456393,0.066304020017,62.0040979402485,-0.464256438219696,0.0913343522941419,0.270699085504473,-1.71502773034682,-0.480632640239753,0.459362105723396,121.774685207255,-0.0106352672581785,0.964697454562971,0.239798984414435,-0.0443507602175576,-0.527358195174468,0.839021079015722,121.924329796145,0.155831441920627,0.655627785124596,0.348572546477388,0.447055981589576,-0.782264860293394,0.157729885669756,121.7746852098,-0.312267487311819,0.195303877200524,0.239798984414435,-1.30220521189589,0.134704462401037,1.4860320514923,121.774685192604,0.810368256946668,0.0203444966942729,0.344732760333956,2.35071437992036,-0.410084170257633,0.548760411438728,122.040524894077,0.0693381205905474,0.777299467485051,0.244607704340387,0.283466625785666,-0.787027167478011,0.577479726036766,121.905988339376,-0.104773720720622,0.763933483926756,0.348094889568848,-0.300991838318557,-0.668907949108019,0.271086796855131,121.774685202085,-0.198910576126444,0.408450924444979,0.239798984414435,-0.829488817945428,-0.341209022740199,1.01011856635106,121.774685188095,0.334454771805432,0.333877036074502,0.344732760333956,0.970185634464892,-0.58757535604906,0.937882074378449,62.0040979450953,0.175153359164695,0.654217449108847,0.38915445448491,0.450086995397573,0.952923882522511,0.295155167571205,0.403441121923313,0.0913343522941419,0.964697454562971,0.760528230744531,0.226552497552608,0.0737488005167393,0.805060162752374,0.791216822638426,0.934058863779749,0.569554943891797,0.681635090735215
"3","p-Cresol degradation",122.729318216995,2.42981261264677,1.05669141428306,4,0.0512265855810645,4.22676565713223,122.729318217218,0.231157500500042,0.100527153762468,4,0.92041719777053,0.402108615049871,31.3549199951794,0.0234177973499619,0.0101840715091895,1,0.879356188682797,0.0101840715091895,-3.61756373980065,-2.89341269499529,131.766793187735,-3.25548821739797,1.84852969415332e-36,0.184735803952869,-17.6223999232359,-0.106962039621644,0.806984497208592,122.368126789972,0.350011228793474,0.135879176228144,0.233153911000235,1.50120247733318,-0.936952969585372,0.390497800206363,122.857209536293,-0.273227584689504,0.421321288170816,0.338641623076367,-0.806834027687993,-0.118377414287085,0.795569122543151,122.368126784376,0.338595854128033,0.148993656290048,0.233153911000235,1.45224179459589,-0.936648534544302,0.377232394553498,122.368126802984,-0.279708069995402,0.405624678877375,0.335179865411182,-0.834501409123337,-0.0925768869186434,0.838369092320233,123.237524304591,0.372896102700795,0.118943995385753,0.237490583138787,1.57015110987739,-0.804140270799446,0.521621864699961,122.797219897354,-0.141259203049743,0.676920648663504,0.338210841106482,-0.417666100198334,-0.527639133343032,0.386307403487204,122.368126782652,-0.0706658649279143,0.762338396434865,0.233153911000235,-0.303086766268497,-0.826946692089762,0.486934237008038,122.368126809352,-0.170006227540862,0.612921075519485,0.335179865411183,-0.507208949834462,-0.323112040439029,0.717920677793951,131.766793145223,0.197404318677461,0.458616886051121,0.265574450970659,0.74331065340043,0.172790253579437,0.926613010429708,0.989782007226964,4.8733964664042e-36,0.207335104009138,0.519200592160425,0.198529386599905,0.487864901574996,0.226791508269755,0.783051939123942,0.934058863779749,0.754695580827678,0.681635090735215
"4","g-Hydroxybutyric acid (GHB) degradation",122.409325664325,3.06668670807078,1.32941943385394,4,0.0190264101020347,5.31767773541577,122.409325666443,1.44960502262011,0.628408856832917,4,0.221779860031767,2.51363542733167,31.0649047829974,1.0719468299404,0.464692706963009,1,0.308498958714459,0.464692706963009,-3.21922295996447,-2.48160143540063,125.724724345406,-2.85041219768255,3.90361548955644e-30,0.188172213974876,-15.1478910593204,0.254223875445691,1.16671657665952,122.075903828565,0.710470226052607,0.00278935968073997,0.232783027752412,3.05207056078101,-1.25522295803378,0.0702524735568159,122.527313667892,-0.592485242238481,0.0822409160514978,0.338137701010267,-1.75220107213212,-0.0363034256873225,0.876189275526508,122.075903828841,0.419942924919593,0.0736955477443732,0.232783027752412,1.80401006454063,-1.12007910737945,0.191711801335905,122.07590388602,-0.464183653021773,0.167942965865022,0.334646687148997,-1.38708575595461,-0.157514856177741,0.772120257662776,122.878286046785,0.307302700742518,0.197479354861215,0.237156172555557,1.29578200487498,-1.21501074544143,0.108761857124818,122.471948782694,-0.553124444158306,0.104009196282079,0.337703297868736,-1.63790062948483,-0.211196134996288,0.701296566217542,122.075903830331,0.245050215610627,0.294558684491322,0.232783027752412,1.05269794785582,-1.41346919100356,-0.101678282288205,122.075903889819,-0.757573736645883,0.0253517488124994,0.334646687148998,-2.26380169216671,-0.23169307339805,0.828704679601474,125.724724240928,0.298505803101712,0.271929034163181,0.270514601636511,1.10347390231753,0.172790253579437,0.371164306867614,0.552382070525999,6.65910877630216e-30,0.0161782861482918,0.158999104366229,0.12571593438746,0.27057477833809,0.318161182831958,0.301626669218028,0.934058863779749,0.266723199927236,0.681635090735215
"5","Quinolinic acid degradation",122.307357361994,2.42497939472977,0.494428254818458,4,0.0516297102908633,1.97771301927383,122.307357360069,2.16497057398964,0.441415141488366,4,0.0768886481323236,1.76566056595346,31.0346782650423,2.14213450414649,0.436759102684903,1,0.153358202440092,0.436759102684903,2.46896240414288,3.00214175493922,110.75521121727,2.73555207954105,9.07394941492283e-39,0.136017639865321,20.1117449343311,-0.787148430990097,-0.161355421600142,122.037446686206,-0.47425192629512,0.00357920963021641,0.159644007320066,-2.97068417572547,0.118181714919977,1.02739095201925,122.402740903866,0.572786333469613,0.0149092869900492,0.231945393964123,2.46948785522428,-0.726501068054324,-0.100708058664369,122.037446676934,-0.413604563359346,0.0107419057803383,0.159644007320066,-2.59079291670575,0.0955929117868219,0.995227045148506,122.037446629597,0.545409978467664,0.0190337554200198,0.22950272057494,2.37648589568493,-0.65455934840915,-0.0167727299748225,122.686644099205,-0.335666039191986,0.0412174786665862,0.162703657685832,-2.06305158695407,0.0704694525414887,0.978487323490066,122.357947126884,0.524478388015778,0.0253235579939132,0.231641468443019,2.26418176132739,-0.415085883629632,0.210707125760323,122.03744667739,-0.102189378934655,0.523302464327043,0.159644007320066,-0.640107828975867,0.0253361654486473,0.924970298810332,122.037446631162,0.475153232129489,0.0405276762529931,0.22950272057494,2.07035991093768,-0.614578696041874,0.15191491443742,110.755211290347,-0.231331890802227,0.239320501451447,0.19553767735665,-1.18305532687846,0.172790253579437,0.295155167571205,0.357895307637515,3.75920761475375e-38,0.0167552315122672,0.0871444040148462,0.0445021810899731,0.0737488005167393,0.226791508269755,0.235304434103017,0.934058863779749,0.266723199927236,0.681635090735215
"6","Propionate synthesis III",122.429988401801,1.1855638100525,0.410277293542108,4,0.320558928448823,1.64110917416843,122.429988408043,1.5158161328004,0.524564713598395,4,0.201713065931897,2.09825885439358,31.1815271203926,2.07671993043395,0.718671593446888,1,0.159528875427707,0.718671593446888,2.83914884322561,3.54858409588598,105.398844318642,3.1938664695558,3.0430298680883e-33,0.180981706362031,17.6474547276445,-0.853170120351266,-0.0378852794669279,122.181565311862,-0.445527699909097,0.0341682950133114,0.207984648522932,-2.14211819513195,0.0721730776810179,1.2567712514904,122.517737953364,0.664472164585709,0.0297708363038773,0.302198964662959,2.19879034108139,-0.849749050752422,-0.0344642098680841,122.181565310009,-0.442106630310253,0.0355437687041946,0.207984648522932,-2.12566953114093,-0.0228192829342861,1.14922652177501,122.181565341899,0.56320361942036,0.0619900619304122,0.298996770847383,1.88364448828056,-0.744375318540196,0.0866319941229884,122.778968649128,-0.328871662208604,0.1234003574831,0.211995556861775,-1.55131393825878,-0.0320931372265821,1.15094327398845,122.47651832941,0.559425068380933,0.0661990071927766,0.301800548516879,1.85362508825807,-0.482594207049098,0.332690633835239,122.181565300885,-0.0749517866069295,0.719191403900679,0.207984648522932,-0.360371725217332,-0.159965358692473,1.01208044601682,122.18156533624,0.426057543662173,0.156719058900004,0.298996770847383,1.4249570069091,-0.694471122573094,0.325406311541277,105.398844252735,-0.184532405515909,0.479731899272776,0.26017759564947,-0.709255556979334,0.464810446250793,0.371164306867614,0.357895307637515,6.30341901246862e-33,0.0660587036924021,0.0871444040148462,0.085897441035137,0.132815956966692,0.226791508269755,0.239971401073815,0.934058863779749,0.360507629074553,0.681635090735215
"7","Isovaleric acid synthesis I (KADH pathway)",122.529049231094,1.76765527526295,6.67997099623351,4,0.139647518416386,26.719883984934,122.529049222759,2.12718938441077,8.03865074271681,4,0.0814221151920566,32.1546029708673,31.0503741870898,0.00205002421324506,0.00774704348618899,1,0.964176309202015,0.00774704348618899,-3.15418894203471,-1.10845914088205,143.06578141867,-2.13132404145838,7.33909797493362e-05,0.52187943688994,-4.08393949023873,-1.05183128852851,1.64231761249489,122.084968492449,0.295243161983191,0.668263934866772,0.687295512130454,0.429572369922811,-3.67109111629437,0.240883360334829,122.6865558044,-1.71510387797977,0.0882112881504153,0.997971010561,-1.71859088072673,0.581825899439117,3.27597480046252,122.084968503951,1.92890034995082,0.00583101271989787,0.687295512130454,2.80650799533331,-4.79090912901761,-0.917826056258013,122.084968478783,-2.85436759263781,0.0045755705548897,0.988049551754518,-2.88889113665322,-1.13464558105214,1.60822948737958,123.154652372866,0.236791953163719,0.735632935783164,0.699725885288498,0.338406736326596,-3.64541944541575,0.261714776573005,122.612742772062,-1.69185233442137,0.0921593870480195,0.99673622903475,-1.69739223391105,-1.01048357002105,1.68366533100236,122.084968488191,0.336590880490657,0.625202116654977,0.687295512130455,0.489732399746514,-3.42474551348061,0.448337559278993,122.084968467283,-1.48820397710081,0.13459794413303,0.988049551754518,-1.5062037875106,0.0983233332826068,3.03924521821422,143.06578143831,1.56878427574842,0.0382946506098823,0.750248960728165,2.09101825909337,0.310337063134305,0.295155167571205,0.989782007226964,8.513353650923e-05,0.84259365700593,0.159882959772628,0.0360372730344343,0.0737488005167393,0.790124264359695,0.296958024932507,0.934058863779749,0.360507629074553,0.63563215150119
"8","Propionate degradation I",122.48654838587,3.97117579061735,2.4591964087238,4,0.00458625634585395,9.83678563489521,122.486548383267,1.71975161833014,1.0649760238987,4,0.149880413615968,4.2599040955948,31.1213021159303,2.06762651607436,1.28040156643928,1,0.160435827561644,1.28040156643928,-3.27249478164416,-2.40186353265852,129.424892909545,-2.83717915715134,1.10725949908464e-24,0.222103889625796,-12.7741083775321,0.393762286959123,1.48437396832111,122.135115456277,0.939068127640117,0.000989198981419933,0.278222378055055,3.37524297723562,-1.67698698571727,-0.0928771000783201,122.610957645522,-0.884932042897795,0.0304321619833323,0.404117090450183,-2.18979118629204,-0.0190508234296209,1.07156085793237,122.135115443455,0.526255017251373,0.0609271699674838,0.278222378055055,1.89149061599652,-1.51851824578848,0.0493348303471628,122.135115423131,-0.734591707720659,0.068697908775875,0.39996986896256,-1.83661761728712,-0.102377895925022,1.00859896849448,122.980967061978,0.453110536284728,0.112444989425246,0.283417673279393,1.59873776057025,-1.61013559747647,-0.0280486775823179,122.552592850431,-0.819092137529394,0.044577238212655,0.403601018277237,-2.02946003710712,-0.410458548217097,0.680153133144892,122.135115447489,0.134847292463898,0.628775353463686,0.278222378055055,0.484674501765684,-1.6342380848831,-0.0663850087474601,122.135115426139,-0.850311546815282,0.0355216248910286,0.39996986896256,-2.12593900890789,-0.249091880402739,1.00251939905584,129.424892951387,0.37671375932655,0.240231182748148,0.319294458809225,1.17983181020887,0.133001434029764,0.362210999571923,0.357895307637515,1.60552627367273e-24,0.0161782861482918,0.0871444040148462,0.117792528603802,0.132815956966692,0.226791508269755,0.235304434103017,0.934058863779749,0.266723199927236,0.681635090735215
"9","Isovaleric acid synthesis II (KADC pathway)",122.237826130826,1.72010285146509,0.885799629038304,4,0.149817892547595,3.54319851615321,122.237826129786,1.96419814993481,1.01150113848601,4,0.104180295381605,4.04600455394405,31.0093837504639,2.44004095858451,1.2565454293105,1,0.128422217614037,1.2565454293105,1.46633129046344,2.35216079977524,99.4264816705868,1.90924604511934,2.5292625690888e-13,0.225981068095921,8.44869909327506,-1.155081575984,-0.160538421796811,122.008604866735,-0.657809998890406,0.0106854990779578,0.253714650379298,-2.59271586369567,0.0480126484194106,1.49316287925396,122.318758700292,0.770587763836687,0.0386712952784065,0.36866754752478,2.09019689693434,-1.24731102904365,-0.252767874856461,122.008604866325,-0.750039451950056,0.00373946646657274,0.253714650379298,-2.95623232962213,0.166349918694272,1.59609578543094,122.00860481263,0.881222852062606,0.0171720093372502,0.364737790595726,2.41604482667756,-0.728141863537717,0.285695543787718,122.559747819817,-0.221223159874999,0.394030259156513,0.258636744175519,-0.855343120639,-0.469439553885879,0.973794123105599,122.28073121023,0.25217728460986,0.494683156738777,0.368178621743951,0.684931904561358,-0.662623969761097,0.331919184426093,122.008604867689,-0.165352392667502,0.515803839877776,0.253714650379298,-0.651725836171871,-0.217873659478013,1.21187220725865,122.008604808041,0.496999273890321,0.175511953405524,0.364737790595726,1.36262072838291,-0.758870502640923,0.514589652647154,99.4264817526457,-0.122140424996885,0.707740876853826,0.324868254042668,-0.375969099710317,0.310337063134305,0.335692062896284,0.357895307637515,3.33402793198069e-13,0.028170861205525,0.0871444040148462,0.0360372730344343,0.0737488005167393,0.544137024549471,0.779487148543522,0.934058863779749,0.360507629074553,0.707740876853826
"10","S-Adenosylmethionine (SAM) synthesis",122.682755544087,3.3112585683678,0.635855610267442,4,0.0129560665935449,2.54342244106977,122.68275553857,1.42282787198769,0.273223327676947,4,0.230377845641967,1.09289331070779,31.2855366715789,2.50489701803925,0.481011310103623,1,0.12355101506979,0.481011310103623,3.62549724510593,4.1016219905501,134.725948521266,3.86355961782801,1.66106572960331e-64,0.12146262615022,31.8086290432228,-0.777056955497497,-0.169739450210569,122.303285175919,-0.473398202854033,0.00275852009957441,0.15493078191165,-3.05554646412351,0.0492117718821884,0.931248744876069,122.817169886972,0.490230258379128,0.0312656854908506,0.225013566563283,2.17866978363394,-0.667473600426854,-0.0601560951399256,122.303285181924,-0.36381484778339,0.0204669757663344,0.15493078191165,-2.3482412164605,-0.0103162396973858,0.862757683063112,122.303285187899,0.426220721682863,0.0580023926688828,0.222727032141201,1.9136461236221,-0.554351554716285,0.0641945680274165,123.216824630562,-0.245078493344434,0.12295397635787,0.157795277776203,-1.55314212692742,-0.140823984055847,0.740097594938408,122.754133774664,0.29963680544128,0.184894228361297,0.224729022049092,1.33332492042717,-0.297295856575655,0.310021648711273,122.303285177768,0.00636289606780875,0.967307632130217,0.15493078191165,0.0410692826131686,-0.159382257672869,0.713691665087629,122.303285180367,0.27715470370738,0.215743064492829,0.222727032141201,1.24436940160759,-0.476988868961562,0.207483578497186,134.72594851598,-0.134752645232188,0.441632138604365,0.174613526793803,-0.771719394862886,0.172790253579437,0.371164306867614,0.357895307637515,4.81709061584961e-63,0.0161782861482918,0.0871444040148462,0.0659491441359665,0.132815956966692,0.226791508269755,0.487448420225238,0.998729049523071,0.391034304393253,0.681635090735215
"11","17-beta-Estradiol degradation",122.306786752004,1.14136045519815,0.402893761912999,4,0.340337887463953,1.611575047652,122.306786756409,1.5041566725103,0.530958767262534,4,0.205129733482799,2.12383506905013,31.1499977353585,0.576093564908023,0.203357758298511,1,0.453553098294238,0.203357758298511,-0.0323337518669612,0.78212991604306,79.0069080702782,0.374898082088049,0.074988124251887,0.207775161771953,1.8043450376399,-0.39277591260497,0.430635636441078,122.145470818245,0.0189298619180543,0.928341542233874,0.210057826455234,0.0901173845197739,-0.909018001080211,0.287711675501249,122.363658318449,-0.310653162789481,0.31089729112271,0.305293792646475,-1.01755479564962,-0.692772941821495,0.130638607224554,122.145470814419,-0.28106716729847,0.183366929147657,0.210057826455234,-1.33804663240371,-0.196356677608238,0.98737200617519,122.145470806437,0.395507664283476,0.192746225467478,0.301977151907007,1.30972711606099,-0.5290022327413,0.310691974009968,122.533119756324,-0.109155129365666,0.611271540346401,0.214211641993085,-0.509566745999688,-0.759549825498086,0.43556246151133,122.336912233496,-0.161993681993378,0.596150890884851,0.304881185684102,-0.531333810021408,-0.284738116855121,0.538673432190928,122.145470811988,0.126967657667903,0.546671306251244,0.210057826455234,0.60444145219679,-0.643319955336111,0.540408728447317,122.145470804696,-0.0514556134443968,0.864980861445334,0.301977151907007,-0.170395717422497,-0.734275770186566,0.436589523992876,79.0069081095305,-0.148843123096845,0.619649690691997,0.298695614668197,-0.498310372792669,0.469990416021649,0.371164306867614,0.730724436140717,0.0776662715465973,0.961496597313655,0.474527444345189,0.221568372720085,0.279482026927842,0.709074986801826,0.779487148543522,0.934058863779749,0.929053517848693,0.681635090735215
"12","Quinolinic acid synthesis",122.385609594515,1.47778531936889,0.342200499547529,4,0.213030378309881,1.36880199819012,122.385609596868,2.16822657094516,0.502081192704316,4,0.0765042794537154,2.00832477081726,30.9940584712295,1.00523806345047,0.232776008103699,1,0.323810179273861,0.232776008103699,2.2652901155778,2.79079899277353,133.087815498539,2.52804455417566,2.07257666746926e-39,0.134060850439314,18.8574408255007,-0.794017175487382,-0.127106393334031,122.012153272181,-0.460561784410707,0.00776196410175553,0.170133427811393,-2.70706227656376,0.170959691348275,1.13957602933537,122.517875302153,0.655267860341823,0.00906458244374922,0.247100545119048,2.65182685058881,-0.791564812580856,-0.124654030427504,122.012153277863,-0.45810942150418,0.00808549181204455,0.170133427811393,-2.6926479257917,0.10496870691437,1.06371336294204,122.012153309223,0.584341034928205,0.0184198811847171,0.244582212629958,2.389139539809,-0.629435799634959,0.0498417572312112,122.911185953232,-0.289797021201874,0.0970009058439864,0.173288275250011,-1.67234061729664,-0.0141402435612916,0.953247643158039,122.455840225901,0.469553699798374,0.0594321833359437,0.246787158935053,1.90266666152572,-0.461970926078044,0.204939856075308,122.012153282532,-0.128515535001368,0.451476241202522,0.170133427811393,-0.755380859920356,-0.0281756598865758,0.930568996141094,122.012153315253,0.451196668127259,0.0674969370516424,0.244582212629958,1.84476484726998,-0.694145459658099,0.0613211502529344,133.087815453503,-0.316412154702582,0.102995777837402,0.192724615316929,-1.64178381771448,0.354082630898485,0.295155167571205,0.552382070525999,1.00174538927681e-38,0.022509695895091,0.0871444040148462,0.0390798770915487,0.0737488005167393,0.226791508269755,0.239971401073815,0.934058863779749,0.326235195749605,0.63563215150119
"13","Propionate synthesis II",122.285937494002,0.681587228398324,0.305063573107498,4,0.606012422997147,1.22025429242999,122.285937492193,0.494998318785337,0.221550448011931,4,0.739417405842998,0.886201792047725,31.0536671678431,1.7606313861263,0.788020196386382,1,0.1942205271528,0.788020196386382,-2.54257645733132,-1.72059043119106,100.605489260088,-2.13158344426119,4.04157518093999e-17,0.209694165970389,-10.1652014704224,-0.181455891526719,0.745731564782564,122.053101828592,0.282137836627922,0.235256833991292,0.236531758650368,1.19281164710303,-0.977866286967953,0.369394456437319,122.368152762812,-0.304235915265317,0.377789813838372,0.343695280635842,-0.885190843186662,-0.308043547367367,0.619143908941917,122.0531018271,0.155550180787275,0.512014796628947,0.236531758650368,0.657629155910529,-0.603159698977404,0.729756251192392,122.05310188632,0.063298276107494,0.852634768296159,0.340035827363071,0.186151784646821,-0.247581398759334,0.697573264286971,122.61295085436,0.224995932763819,0.352578220969594,0.241115313980656,0.933146588863575,-0.590621371742407,0.754854636277782,122.329524524524,0.0821166322676873,0.811320082640159,0.343239982630582,0.23923970522999,-0.165390603222626,0.761796853086657,122.053101816036,0.298203124932016,0.209810194945001,0.236531758650368,1.26073186380357,-0.866528323306079,0.466387626863717,122.053101878903,-0.200070348221181,0.557364346241951,0.340035827363071,-0.588380200323884,-0.79995025168336,0.381729113803608,100.605489145982,-0.209110568939876,0.489486188021857,0.301454357020819,-0.693672405356657,0.732265011121552,0.857724190777878,0.402313949102228,5.58122286891712e-17,0.310111281170339,0.497995663696036,0.57109342700921,0.852634768296159,0.511238420405912,0.811320082640159,0.934058863779749,0.754695580827678,0.681635090735215
"14","Histamine degradation",122.346480676249,1.50230360278501,0.609482519160699,4,0.205674103261981,2.43793007664279,122.346480681453,2.36711013322336,0.960333347036678,4,0.0564360244721555,3.84133338814671,31.0162600935308,3.84568218088129,1.56018800670503,1,0.0589062311545117,1.56018800670503,-3.16464421503641,-2.44443403344364,122.978071744482,-2.80453912424003,3.65681851336173e-30,0.183730463231389,-15.2644209072069,0.276860809061502,1.15960499489542,122.025422189225,0.718232901978461,0.00181209679559041,0.225193981317232,3.18939652728411,-1.4425040018224,-0.160186315524224,122.460063714439,-0.801345158673311,0.0157142830243075,0.327127869800908,-2.44963891080578,0.185718278868575,1.06846246470249,122.025422200906,0.627090371785535,0.00621332293697143,0.225193981317232,2.78466754802896,-1.4825965954984,-0.213571872168673,122.025422188939,-0.848084233833534,0.0099185184651091,0.323736745506455,-2.6196724517842,-0.0738801769606396,0.825515639837076,122.797973991785,0.375817731438218,0.103989036936576,0.229441924415968,1.63796451932158,-0.947558366695241,0.333105244902951,122.406757414768,-0.307226560896145,0.348876509313196,0.326705904215563,-0.940376518856649,-0.222864137092308,0.659880048741611,122.025422194456,0.218507955824652,0.333811405103921,0.225193981317232,0.970309928118545,-1.06461893812028,0.20440578520944,122.025422187473,-0.430106576455422,0.186469463314424,0.323736745506455,-1.32856891417303,-0.368520474493688,0.666846895920198,122.978071739334,0.149163210713255,0.573282143769515,0.264129182622929,0.564735820676812,0.354082630898485,0.295155167571205,0.341656140696168,6.62798355546813e-30,0.0161782861482918,0.0871444040148462,0.0360372730344343,0.0737488005167393,0.226791508269755,0.667818570531182,0.934058863779749,0.360507629074553,0.681635090735215
"15","Glutamate degradation I",123.038913444503,2.70185475537796,1.49825056594996,4,0.0336037321691644,5.99300226379984,123.038913435211,0.53944978839202,0.299139303898987,4,0.707021382325305,1.19655721559595,31.4798034304845,0.0110531342673365,0.00612925792498464,1,0.916936616534633,0.00612925792498464,-3.63634991208384,-2.8746265227121,149.105283255166,-3.25548821739797,4.26698616161345e-36,0.19432076185586,-16.7531672185022,0.147637491372454,1.17967223706972,122.530437148214,0.663654864221085,0.0129957941660955,0.263279007634278,2.52072837171648,-1.27243196460987,0.225716058654779,123.219492843125,-0.523357952977544,0.173372952775335,0.382187640967346,-1.36937435143869,0.00736045380444383,1.03939519950171,122.530437140561,0.523377826653075,0.0490499315172205,0.263279007634278,1.9879208424399,-1.0162350189057,0.4674084064972,122.530437131698,-0.274413306204251,0.469818262541526,0.378487420459175,-0.725026226423423,-0.156149523823767,0.894059594144225,123.755860114856,0.368955035160229,0.17095711013831,0.26791541228612,1.37713255094934,-0.885489454272122,0.610853183253772,123.134930340752,-0.137318135509175,0.719666335230803,0.381727074917921,-0.359728571882678,-0.516437606735774,0.515597138961489,122.530437160159,-0.000420233887142523,0.998729049523071,0.263279007634278,-0.00159615417468555,-0.869837178977228,0.613806246425674,122.530437147143,-0.128015466275777,0.735769372823405,0.378487420459175,-0.338229117682355,-0.350118864688556,0.744927502043471,149.105283264926,0.197404318677458,0.480888980800535,0.279353696131565,0.70664652521543,0.172790253579437,0.854317503643077,0.989782007226964,1.03118832238992e-35,0.0314065025680642,0.279323090582485,0.109419077999953,0.487864901574996,0.291632717294764,0.783051939123942,0.998729049523071,0.820665838918413,0.681635090735215
"16","GABA degradation",122.057909307921,0.536649309332382,0.384361635556086,4,0.709059232097697,1.53744654222435,122.057909311236,1.03362402726238,0.7403073380694,4,0.392760456454325,2.9612293522776,30.745382389162,3.36281449707043,2.40853171277475,1,0.0763804615389442,2.40853171277475,-1.39215234634639,-0.423295350912562,119.103519241355,-0.907723848629478,0.000360935148465632,0.247161938452964,-3.6725875121028,-0.63496122636305,0.537930228370348,121.750799300667,-0.0485154989963506,0.871461280618954,0.299212501858457,-0.162143956870161,-0.814286418472855,0.889603274013867,122.166524172971,0.0376584277705063,0.931102623866169,0.434673725110968,0.0866360803402426,-1.01205881731925,0.160832637414149,121.75079929613,-0.42561308995255,0.157454341096476,0.299212501858457,-1.42244420707357,-0.213390820696406,1.47274688230386,121.750799296235,0.629678030803728,0.145805619509103,0.430145073149381,1.46387363266405,-0.467398499244781,0.727729790494301,122.489711472867,0.13016564562476,0.670177453897547,0.304885268088113,0.426933208157311,-1.02395600643788,0.677724814934646,122.115539256839,-0.173115595751615,0.690749874768642,0.43411022722743,-0.398782578464616,-0.381465479667929,0.791425975065469,121.750799309277,0.20498024769877,0.494604604496651,0.299212501858457,0.685065785773005,-0.871015305385101,0.815122397615168,121.750799312316,-0.0279464538849663,0.948304575393243,0.430145073149381,-0.0649698337362126,-0.369350939331988,1.02346874762521,119.103519254113,0.32705890414661,0.35918831895896,0.355317673677573,0.920469001053391,0.7908737588782,0.569502661858771,0.357895307637515,0.000402581511750128,0.950692349592051,0.964356289004247,0.198529386599905,0.248727233280234,0.747505621654956,0.783051939123942,0.934058863779749,0.948304575393243,0.681635090735215
"17","Nitric oxide synthesis II (nitrite reductase)",122.667716812258,2.0470575045519,0.809778791791404,4,0.0919255375141891,3.23911516716562,122.667716817357,0.267350660470471,0.105759068486844,4,0.898468230974593,0.423036273947375,31.32912153036,0.00016665023924278,6.59238097052422e-05,1,0.989782007226964,6.59238097052422e-05,-3.58112397117738,-2.87600459910703,125.757197552612,-3.2285642851422,1.71645616969492e-36,0.179880696184276,-17.9483644083451,-0.0319750754905019,0.839693262100585,122.337408896498,0.403859093305042,0.0717928181945435,0.222368457907058,1.81617076947955,-0.926580393670216,0.339598328033052,122.78459664335,-0.293491032818582,0.365335566224951,0.323010711342332,-0.908610837080061,-0.0972383146674996,0.774430022923588,122.337408888099,0.338595854128044,0.130419685654633,0.222368457907058,1.52267932833156,-0.877540303055149,0.375561885209987,122.337408914392,-0.250989208922581,0.433889827334934,0.319674799677302,-0.785139176362803,-0.0716690315344343,0.816380077009486,123.132264828051,0.372355522737526,0.10280773611833,0.226547302794525,1.64361048727756,-0.744275537024379,0.520276012997096,122.729751266043,-0.111999762013641,0.729048357115395,0.322595608897943,-0.347183157254548,-0.383988901170133,0.487679436420954,122.33740888724,0.0518452676254106,0.816034365044933,0.222368457907058,0.233150277307226,-0.832911871008262,0.420190317256875,122.337408912551,-0.206360776875694,0.519790459819409,0.319674799677302,-0.645533451757868,-0.336356096001965,0.67731686884535,125.757197510829,0.170480386421692,0.510936255449057,0.258594793792906,0.659256839324539,0.242349144355589,0.926613010429708,0.989782007226964,4.8733964664042e-36,0.122470101625986,0.497995663696036,0.198529386599905,0.487864901574996,0.226791508269755,0.783051939123942,0.934058863779749,0.754695580827678,0.681635090735215
"18","Tryptophan synthesis",122.242383248634,0.317133660569644,0.18192591712176,4,0.866062314756076,0.727703668487042,122.242383243531,0.669173906995461,0.383876238572178,4,0.614589474757125,1.53550495428871,31.0696325820949,0.00688280391160179,0.0039483680531995,1,0.93441343499388,0.0039483680531995,-2.73700519281181,-1.72711917221572,83.560259057723,-2.23206218251376,2.92721218128808e-13,0.257628718834106,-8.66387176326815,-0.563610856547289,0.486074670939891,122.065958538639,-0.0387680928036993,0.885127359965013,0.267781840831507,-0.144774913352295,-0.860495764291471,0.665027635356451,122.304602161553,-0.09773406446751,0.802132105068901,0.389171283676908,-0.251133802946903,-0.688478220301056,0.361207307186124,122.065958540326,-0.163635456557466,0.542284543938262,0.267781840831507,-0.611077495207857,-0.476169269163441,1.0328487538148,122.065958553336,0.278339742325678,0.471041973934479,0.384960651032667,0.723034267473894,-0.674523234991727,0.395834263541458,122.489968742126,-0.139344485725134,0.610748622471476,0.273055399735921,-0.510315803532536,-0.328046415405911,1.19542359142827,122.275347138101,0.433688588011178,0.266656535583096,0.388647449353946,1.11589202175932,-0.583153064051192,0.466532463435988,122.065958537237,-0.0583103003076019,0.827985149551539,0.267781840831507,-0.217753004186314,-0.430487515057834,1.0785305079204,122.065958551946,0.324021496431285,0.40160171014099,0.384960651032667,0.841700302516865,-0.890373983552163,0.561428643355904,83.560259025993,-0.16447267009813,0.658130432434,0.37036461852353,-0.444083105869575,0.89699311171165,0.810140671270755,0.989782007226964,3.69083275031975e-13,0.950692349592051,0.894685809499928,0.580473365898779,0.487864901574996,0.709074986801826,0.552359966564984,0.934058863779749,0.647024977449373,0.681635090735215
"19","Glutamate synthesis I",122.411745684404,2.28871428162134,0.425559358892346,4,0.0636459787987376,1.70223743556939,122.411745688116,1.7816941674831,0.331284963678042,4,0.136782668562275,1.32513985471217,31.1509374776614,2.43862187128548,0.453432902681909,1,0.128483378292115,0.453432902681909,3.65151210085083,4.16558086982627,108.342630437648,3.90854648533855,5.03181005860495e-54,0.13114240185798,29.8038348387983,-0.714848756009074,-0.117239416109821,122.152220181126,-0.416044086059448,0.00729141234893089,0.152454163600229,-2.72897818094633,0.0884244943697732,0.956712772414266,122.50343898117,0.52256863339202,0.019897970983876,0.221506181974118,2.35916049265424,-0.573834738985931,0.0237746009133221,122.152220178363,-0.275030069036304,0.0736927403264943,0.152454163600229,-1.8040180900372,-0.0402702768190178,0.818847278861596,122.152220154864,0.389288501021289,0.0781860841981252,0.219166668994232,1.77622127857194,-0.598346412102231,0.010749875467973,122.776381280529,-0.293798268317129,0.0610102707775911,0.155384561240583,-1.89078159356024,0.0212478715110085,0.888395113261575,122.460372928335,0.454821492386292,0.0419061995552586,0.221215095938118,2.05601471480736,-0.361681347995144,0.235927991904109,122.152220183827,-0.0628766780455178,0.680747178174818,0.152454163600229,-0.412430048223513,0.0122959012536918,0.871413456934305,122.152220158268,0.441854679093999,0.0459867586081441,0.219166668994232,2.01606695544397,-0.531191157118323,0.207829261017003,108.342630479243,-0.16168094805066,0.393011155110431,0.188529081137364,-0.857591556036163,0.184573338516339,0.360608853482361,0.357895307637515,3.64806229248859e-53,0.022509695895091,0.0871444040148462,0.12571593438746,0.141712277609102,0.226791508269755,0.235304434103017,0.934058863779749,0.266723199927236,0.681635090735215
"20","Glutamate synthesis II",122.481892466309,2.55334687354127,0.577716004389327,4,0.0423382533869127,2.31086401755731,122.481892465449,1.83375328228492,0.414901958780155,4,0.126606193301554,1.65960783512062,31.1790724840203,2.28367017976236,0.516699405500513,1,0.140812024159592,0.516699405500513,3.73849089746675,4.28591579933893,118.061420895887,4.01220334840284,4.08290956966812e-55,0.139651775795422,28.7300560666008,-0.733289763903116,-0.0740621609985569,122.184384996838,-0.403675962450836,0.0178880453359706,0.168173397089044,-2.40035564148769,0.000736451792703208,0.958433593756163,122.587091523712,0.479585022774433,0.0519132989255302,0.244314984744019,1.9629783382993,-0.80322124349906,-0.143993640594502,122.184384996846,-0.473607442046781,0.00566807478175343,0.168173397089044,-2.81618526024076,0.0737587429322711,1.02145813287158,122.184384969554,0.547608437901924,0.0252712055283681,0.24176449093316,2.26504908056709,-0.42864058240086,0.243110490698938,122.900119233904,-0.0927650458509609,0.589266943007367,0.171368218599547,-0.541320010262429,-0.356311906534167,0.600141231612587,122.537706270554,0.12191466253921,0.618213945396586,0.243997631000145,0.499655107467571,-0.357271551542973,0.301956051361585,122.184384997951,-0.0276577500906942,0.869641011105284,0.168173397089044,-0.164459721748084,-0.134242877265492,0.813456512673815,122.184384977873,0.339606817704162,0.162647354459123,0.24176449093316,1.40470098149381,-0.494089042520927,0.292883837947123,118.061420899343,-0.100602602286902,0.617231227264833,0.200762076924778,-0.501103613929018,0.172790253579437,0.360608853482361,0.357895307637515,3.94681258401252e-54,0.037053808195939,0.107534690631455,0.0360372730344343,0.0792571855169565,0.709074986801826,0.779487148543522,0.934058863779749,0.360507629074553,0.681635090735215
"21","ClpB (ATP-dependent chaperone protein)",122.347368204961,1.63462724007005,0.35599804662492,4,0.169810386494403,1.42399218649968,122.347368204276,2.49763263192739,0.543948073515958,4,0.0461538025510302,2.17579229406383,31.1498260439966,0.381341626523994,0.083050661833761,1,0.541374556203434,0.083050661833761,3.98362296628012,4.58172042612266,91.2954824651553,4.28267169620139,1.10719933495139e-46,0.152578686282056,28.0686103712052,-0.770539182910654,-0.123772656566849,122.146790716182,-0.447155919738752,0.007693623818062,0.164994492614512,-2.7101263360558,0.236348091265467,1.17623280277123,122.418143041339,0.706290447018348,0.00385817304926612,0.239770913883993,2.94568859740873,-0.740635189948263,-0.0938686636044576,122.146790742043,-0.41725192677636,0.0127166783124245,0.164994492614512,-2.52888396554675,0.064903307423166,0.994688771121246,122.146790685872,0.529796039272206,0.0273300639713643,0.237194527815845,2.23359300971536,-0.643358419087199,0.0160571700632219,122.628944337761,-0.313650624511989,0.0646407823668746,0.168221353645222,-1.86451135789501,0.0449569129199822,0.983585161013986,122.384876056341,0.514271036966984,0.0337076413949404,0.239450381613587,2.14771441791598,-0.454755599735442,0.192010926608363,122.146790727348,-0.13137233656354,0.427447458852754,0.164994492614512,-0.796222555564168,0.0577583334869416,0.987543797185021,122.146790678804,0.522651065335981,0.029436889121393,0.237194527815845,2.2034701649684,-0.785513607579473,0.0743056647319726,91.2954825701274,-0.35560397142375,0.108422884809571,0.219345681628232,-1.62120343005641,0.328300080555845,0.295155167571205,0.82630853315261,6.42175614271805e-46,0.022509695895091,0.0871444040148462,0.0460979588825389,0.0792571855169565,0.226791508269755,0.235304434103017,0.934058863779749,0.266723199927236,0.63563215150119
"22","GABA synthesis III",122.043263154698,1.01544614715243,0.220734823387941,4,0.402206347384557,0.882939293551766,122.04326315054,2.45025857903398,0.532630308573777,4,0.0496692927090145,2.13052123429511,30.8995775099075,0.0313200115120783,0.00680825588733963,1,0.860683282127004,0.00680825588733963,2.61125601559941,3.2696053836362,74.1598344009631,2.9404306996178,4.67344573920577e-28,0.167949353465105,17.5078417329469,-0.667829277578728,-0.0216692746822775,121.895037427923,-0.344749276130503,0.0385667355232229,0.164839764402121,-2.09142058277576,0.0301857215959743,0.969341076244929,122.095504149564,0.499763398920452,0.0390647328342414,0.239584850042371,2.08595576403127,-0.679832043329756,-0.0336720404333054,121.895037428215,-0.356752041881531,0.0323961658082896,0.164839764402121,-2.16423532983974,0.10977662692483,1.03869015823035,121.895037449898,0.57423339257759,0.0168539384690051,0.236972091995739,2.42321105300415,-0.746582607658555,-0.0875957891818573,122.251193507626,-0.417089198420206,0.0144600098734397,0.168111971361388,-2.4810202095816,0.215628180764202,1.1535094238997,122.070931026365,0.684568802331952,0.00496703082438081,0.239259815622478,2.8611942233213,-0.400511743860116,0.245648259036335,121.895037417129,-0.0774317424118905,0.639380414739211,0.164839764402121,-0.469739463003588,-0.085121069720032,0.843792461585488,121.895037445192,0.379335695932728,0.112018430151958,0.236972091995739,1.60076105476399,-0.867254867963687,0.0791819798054418,74.1598343593608,-0.394036444079123,0.106916854353435,0.24144240793058,-1.63201008247241,0.530181094279643,0.295155167571205,0.989782007226964,7.5294403576093e-28,0.0699022081358415,0.0871444040148462,0.0854080734945817,0.0737488005167393,0.226791508269755,0.144043893907044,0.934058863779749,0.360507629074553,0.63563215150119
"23","Dopamine degradation",122.320717310723,1.43334912210475,0.561622536371561,4,0.226978666898899,2.24649014548624,122.320717315074,2.41674461022338,0.946941827935734,4,0.0522880961626311,3.78776731174294,30.989061546248,4.39737050155181,1.72300128165601,1,0.04424997369854,1.72300128165601,-3.13123060202211,-2.42399978194638,123.181462339255,-2.77761519198424,1.75339177204085e-30,0.180419340777249,-15.3953294586835,0.257549101399181,1.12506883804617,121.998389007098,0.691308969722678,0.00223125486983947,0.221310121892514,3.12371148599536,-1.40456784332783,-0.144370373197752,122.434752524372,-0.77446910826279,0.0174842876598738,0.321484853821385,-2.40903762356743,0.193330503462033,1.06085024010903,121.998389000067,0.627090371785529,0.00538869351717967,0.221310121892514,2.83353678730562,-1.47165333315392,-0.22451513451315,121.998389022145,-0.848084233833533,0.00872473380046291,0.318153345795646,-2.66564612643825,-0.0937597426287491,0.790118910543567,122.774005768614,0.348179583957409,0.125126349390209,0.225483391568477,1.54414736063463,-0.908874649275179,0.349697822444499,122.3812347151,-0.27958841341534,0.385567651711002,0.321070305793152,-0.870801218208774,-0.21525191249885,0.652267824148142,121.998389004133,0.218507955824646,0.325430968349047,0.221310121892514,0.98733828329267,-1.0536756757758,0.193462522864963,121.998389023163,-0.430106576455421,0.178913305878534,0.318153345795646,-1.35188449890351,-0.386114902844215,0.630593459759169,123.181462313538,0.122239278457477,0.638263995689711,0.259369144184039,0.471294605385831,0.354082630898485,0.295155167571205,0.320812309314415,3.38989075927898e-30,0.0161782861482918,0.0871444040148462,0.0360372730344343,0.0737488005167393,0.226791508269755,0.667818570531182,0.934058863779749,0.360507629074553,0.681635090735215
"24","DOPAC synthesis",122.95317255101,0.761618687544782,1.08163557652772,4,0.552206425967356,4.32654230611088,122.953172540245,1.08427229937986,1.53986176131453,4,0.367329197243205,6.15944704525812,31.3537315068623,6.51655792486451,9.2546847960879,1,0.0157688338916091,9.2546847960879,-2.24016684280161,-1.03235010051226,150.521752169171,-1.63625847165693,3.85824991076624e-07,0.308122177707463,-5.31042096298057,-0.972259498848556,0.679340139378646,122.416999727588,-0.146459679734955,0.728730572678435,0.421334180437704,-0.347609300491132,-1.11064580463844,1.28664181999615,123.143687814598,0.0879980076788563,0.885822495178787,0.611564203103754,0.143890056403329,-0.579842520717875,1.07175711750933,122.416999714211,0.245957298395725,0.560457042936752,0.421334180437704,0.583758237084425,-1.86762079205451,0.506703284600554,122.416999679691,-0.680458753726978,0.26345992563384,0.605706047504809,-1.12341416522109,-1.51377520141009,0.166599119226288,123.70948941472,-0.673588041091902,0.118661040744221,0.428674795529652,-1.57132644166692,-0.671916994199163,1.72251223078242,123.054495621699,0.525297618291627,0.391479851690693,0.610835006119636,0.859966460711886,-0.587004054925399,1.0645955833018,122.416999751129,0.238795764188201,0.571914299735997,0.421334180437704,0.566760959056603,-1.4843317110823,0.889992365572765,122.416999716144,-0.297169672754768,0.624575653098768,0.605706047504809,-0.490616981585294,-1.36606688973979,0.370279077544932,150.521752181201,-0.497893906097428,0.262788895742153,0.44295353919276,-1.12403189509399,0.69626027621971,0.560660353686998,0.320812309314415,4.66205197550921e-07,0.845327464306984,0.951438976303142,0.580473365898779,0.363825611589588,0.226791508269755,0.667818570531182,0.934058863779749,0.754695580827678,0.681635090735215
"25","Acetate degradation",122.05206478061,0.492703313048166,0.126725471596346,4,0.741092452378376,0.506901886385383,122.052064784571,0.782943143480978,0.201376439863827,4,0.53836696186013,0.805505759455307,30.8199561296028,0.132054140278207,0.033964909022988,1,0.718792459743721,0.033964909022988,1.94293162849502,2.56657454509194,100.075072653075,2.25475308679348,1.15205516072063e-25,0.159095504181743,14.172324343105,-0.60555846239925,0.0973071724955597,121.818620856367,-0.254125644951845,0.158954965891578,0.179305752666611,-1.41727547037684,-0.119407489828734,0.901902025287317,122.13449523924,0.391247267729291,0.135765574405384,0.260542929148701,1.50166143064275,-0.661786621492251,0.0410790134025584,121.818620867155,-0.310353804044846,0.0860081314686523,0.179305752666611,-1.7308636194283,-0.163872744282428,0.846560269238626,121.818620928678,0.341343762478099,0.187906797604002,0.257768260409686,1.32422728048667,-0.453487469741914,0.263001239319688,122.37994063078,-0.0952431152111129,0.603254390606194,0.182781090548901,-0.521077508209918,-0.346835329395201,0.673120965898825,122.095765476897,0.163142818251812,0.531832813401895,0.260197713667014,0.626995587134915,-0.385455089575877,0.317410545318933,121.818620868151,-0.0340222721284719,0.849825187596359,0.179305752666611,-0.189744453942482,-0.392966392766894,0.61746662075416,121.818620932003,0.112250113993633,0.66399256469916,0.257768260409686,0.435469106302022,-0.591453379560285,0.305089800662755,100.07507255817,-0.143181789448765,0.532720975702198,0.22871419763191,-0.626029301771638,0.795988189591589,0.743459137806846,0.989782007226964,1.75839998215254e-25,0.219509238612179,0.231600097515068,0.138568656255051,0.279482026927842,0.709074986801826,0.779487148543522,0.934058863779749,0.770231375051026,0.681635090735215
"26","Nitric oxide synthesis I (NO synthase)",122.733218257882,2.40010880584597,1.03339266423224,4,0.0536245614556874,4.13357065692895,122.733218256686,0.281151556521305,0.121052826996393,4,0.889714358752706,0.484211307985571,31.356492003196,0.0361391736934331,0.015560109981366,1,0.850453736570008,0.015560109981366,-3.61531345481433,-2.89566297998158,132.121444756707,-3.25548821739795,9.4421040736995e-37,0.183587678270942,-17.7326073735376,-0.104683918760101,0.80470637634703,122.370047442099,0.350011228793464,0.133946973188877,0.23199158308017,1.50872382586617,-0.962614869879395,0.358209140848307,122.861815844831,-0.302202864515544,0.371539879775517,0.336951092251234,-0.896874565672037,-0.116099293425542,0.793291001681589,122.370047448083,0.338595854128023,0.146984992123906,0.23199158308017,1.45951783953737,-0.962092390533617,0.345238528397166,122.370047424298,-0.308426931068225,0.356893349158319,0.333508913746079,-0.924793666243804,-0.0902689141918107,0.836024723156597,123.244224003545,0.372877904482393,0.117138085817969,0.236303739419422,1.57796023625577,-0.829532326925234,0.489612595116886,122.801496399776,-0.169959865904174,0.614430874840421,0.336522745429857,-0.505047186890966,-0.525361012481489,0.384029282625642,122.370047438109,-0.0706658649279238,0.761184211331005,0.23199158308017,-0.304605296406394,-0.852390548079076,0.454940370851706,122.370047412557,-0.198725088613685,0.552368348605194,0.333508913746079,-0.595861401068838,-0.291158190874662,0.743404550375214,132.12144478993,0.226123179750276,0.393121066246812,0.263923916309273,0.85677411472365,0.172790253579437,0.926613010429708,0.989782007226964,3.42276272671607e-36,0.207335104009138,0.497995663696036,0.198529386599905,0.470450323890512,0.226791508269755,0.779487148543522,0.934058863779749,0.754695580827678,0.681635090735215
"27","Menaquinone synthesis (vitamin K2) I",123.157787595276,0.611234936976737,2.04585640674836,4,0.655314824926917,8.18342562699344,123.157787582819,0.623475466332782,2.08682652133134,4,0.646620850658004,8.34730608532534,31.529405838241,4.79757915799299,16.0579140089892,1,0.0360145106523673,16.0579140089892,-1.95072750576373,-0.111562148613332,151.554999479542,-1.03114482718853,0.0294847304914257,0.469183457363885,-2.19774335817813,-1.5064121158283,1.02910521022556,122.59913556688,-0.238653452801371,0.71279399418337,0.646827530009148,-0.368959949490703,-1.83677943092622,1.84313725730217,123.356375323891,0.00317891318797812,0.997303640220042,0.938771507347866,0.00338624805194494,-1.53229927632232,1.00321804973154,122.599135541614,-0.264540613295389,0.68326666532569,0.646827530009148,-0.408981685259512,-2.5219616100416,1.12307420534988,122.599135566842,-0.699443702345859,0.453376976194513,0.92987316199253,-0.752192590274455,-1.21097241525907,1.36825445638922,123.946049024759,0.0786410205650709,0.90505753530707,0.657978129188318,0.119519201439237,-2.93126656516082,0.744308116463802,123.263426335196,-1.09347922434851,0.245795495688501,0.937663832248215,-1.16617404526172,-1.87877931689246,0.656738009161402,122.599135578247,-0.611020653865529,0.346699481597616,0.646827530009148,-0.944642312699472,-1.74930912862241,1.89572668676907,122.599135615404,0.073208779073332,0.937375855687552,0.92987316199253,0.0787298548508061,-1.70619569304523,0.937771093675139,151.554999467326,-0.384212299685046,0.569771588709398,0.674493717123284,-0.569630657678638,0.760165196915223,0.815304550829657,0.320812309314415,0.0316687846019016,0.845327464306984,0.997303640220042,0.68326666532569,0.487864901574996,0.90505753530707,0.54831302884358,0.934058863779749,0.948304575393243,0.681635090735215
"28","Menaquinone synthesis (vitamin K2) II (alternative pathway: futalosine pathway)",122.769886703645,2.56729496096242,1.1577228658527,4,0.0414212140364479,4.63089146341081,122.76988669949,0.220415074506783,0.0993962811501288,4,0.926613010429708,0.397585124600515,31.3724637653669,0.00523464982850397,0.00236056779347205,1,0.942781975800977,0.00236056779347205,-3.61988395148391,-2.89109248331205,135.103361208263,-3.25548821739798,1.4464236480393e-36,0.185919607176578,-17.5101930712776,-0.115325699619333,0.815348157206302,122.389221180159,0.350011228793484,0.142989726902854,0.237421162880204,1.47422085102873,-0.949041921326522,0.402611895594482,122.904728310025,-0.27321501286602,0.429683248684489,0.344815983248334,-0.792350198770375,-0.126741074284774,0.803932782540861,122.389221182717,0.338595854128043,0.156373662096864,0.237421162880204,1.42614015541188,-0.948672053345041,0.389255913354207,122.389221184667,-0.279708069995417,0.414092713305361,0.341314426502898,-0.819502629470723,-0.0354250642174552,0.912444138209597,123.305641910279,0.438509536996071,0.0721924963444779,0.241807811241361,1.81346307526175,-0.881845496282139,0.468100221592093,122.841493416401,-0.206872637345023,0.54913992451851,0.344380235688623,-0.600709959244207,-0.536002793340721,0.394671063484913,122.389221182692,-0.0706658649279038,0.76648312060051,0.237421162880204,-0.29763928400755,-0.838970210890501,0.498957755808747,122.389221182548,-0.170006227540877,0.619312559385397,0.341314426502898,-0.498092709654138,-0.326447554891167,0.721256192246123,135.103361215991,0.197404318677478,0.461444533789749,0.267276275329915,0.738577782236041,0.172790253579437,0.926613010429708,0.989782007226964,4.66069842145997e-36,0.207335104009138,0.519200592160425,0.198529386599905,0.487864901574996,0.226791508269755,0.779487148543522,0.934058863779749,0.754695580827678,0.681635090735215
"29","Acetate synthesis I",122.676448812578,1.76989492536363,0.350891309939736,4,0.139176767890892,1.40356523975895,122.676448813828,1.62328743370313,0.32182557611649,4,0.172622479033917,1.28730230446596,31.1395330467018,5.56304612269585,1.10290419689568,1,0.0247973916019643,1.10290419689568,3.22815421363824,3.68771080468396,147.394703408252,3.4579325091611,1.04310188112127e-63,0.117235978484973,29.4954889603648,-0.694756653986712,-0.0776707051800929,122.18744462017,-0.386213679583402,0.0155638297310766,0.157422777580128,-2.4533532282952,0.04299225740158,0.938863676834184,122.850044438712,0.490927967117882,0.0336705477035259,0.228542826934353,2.14807864986678,-0.663318653779725,-0.0462327049731054,122.187444617046,-0.354775679376415,0.0260008689332702,0.157422777580128,-2.25364896255776,0.0433327962201625,0.930449741335124,122.187444545876,0.486891268777643,0.0334093386254375,0.226309501631772,2.15143979933226,-0.473414836156806,0.154640140202662,123.365779496387,-0.159387347977072,0.321782455542043,0.160221050313548,-0.994796549299578,-0.173058302253635,0.72172349205458,122.768731957774,0.274332594900472,0.231747566991971,0.22826485623362,1.20181704458134,-0.3772206833161,0.239865265490519,122.187444609963,-0.0686777089127902,0.663415899417056,0.157422777580128,-0.436262845621775,-0.0438571092484015,0.84325983586656,122.1874445404,0.399701363309079,0.0798645187971055,0.226309501631772,1.76617137339392,-0.449808039015714,0.210846185803921,147.394703473617,-0.119480926605897,0.479488626151428,0.168537337938552,-0.708928526267926,0.310337063134305,0.371164306867614,0.320812309314415,1.51249772762585e-62,0.034719312477017,0.0871444040148462,0.0754025199064837,0.0880791654670626,0.491141642669434,0.54831302884358,0.934058863779749,0.330867292159437,0.681635090735215
