"","Module","Description","X008.CD.T4I_S125_ME_L001__paired.","X011.CD.V2_S220_ME_L001__paired.","X059.CD.T4W_S238_ME_L001__paired.","X090.CD.T4W_S195_ME_L001__paired.","X101.CD.V2_S205_ME_L001__paired.","X003.CD.V3_S58_ME_L001__paired.","X108.CD.T2W_S102_ME_L001__paired.","X008.CD.T2W_S61_ME_L001__paired.","X042.CD.V3_S202_ME_L001__paired.","X037.CD.T4I_S11_ME_L001__paired.","X052.CD.T2I_S15_ME_L001__paired.","X103.CD.V2_S161_ME_L001__paired.","X003.CD.V4_S122_ME_L001__paired.","X008.CD.V3_S71_ME_L001__paired.","X113.CD.T4I_S268_ME_L001__paired.","X113.CD.T14I_S79_ME_L001__paired.","X117.NCD.V2_S112_ME_L001__paired.","X003.CD.V2_S132_ME_L001__paired.","X054.CD.T2I_S215_ME_L001__paired.","X011.CD.T2I_S123_ME_L001__paired.","X087.CD.V2_S157_ME_L001__paired.","X014.CD.T4W_S207_ME_L001__paired.","X001.NCD.V2_S119_ME_L001__paired.","X105.CD.T2W_S85_ME_L001__paired.","X003.CD.T2W_S55_ME_L001__paired.","X060.CD.T4W_S36_ME_L001__paired.","X072.CD.T2I_S72_ME_L001__paired.","X024.NCD.V2_S118_ME_L001__paired.","X093.NCD.V2_S111_ME_L001__paired.","X109.CD.T4W_S134_ME_L001__paired.","X063.CD.V3_S251_ME_L001__paired.","X108.CD.V4_S90_ME_L001__paired.","X042.CD.T14I_S163_ME_L001__paired.","X080.NCD.V2_S46_ME_L001__paired.","X027.NCD.V2_S1_ME_L001__paired.","X038.CD.T4W_S83_ME_L001__paired.","X087.CD.T4I_S88_ME_L001__paired.","X105.CD.V3_S133_ME_L001__paired.","X043.CD.V3_S168_ME_L001__paired.","X090.CD.T4I_S240_ME_L001__paired.","X101.CD.T2I_S190_ME_L001__paired.","X108.CD.V3_S42_ME_L001__paired.","X090.CD.V2_S139_ME_L001__paired.","X036.CD.T14I_S43_ME_L001__paired.","X022.NCD.V2_S135_ME_L001__paired.","X090.CD.T14I_S116_ME_L001__paired.","X087.CD.V4_S63_ME_L001__paired.","X038.CD.V3_S244_ME_L001__paired.","X069.CD.V2_S256_ME_L001__paired.","X069.CD.T2I_S230_ME_L001__paired.","X016.CD.V3_S278_ME_L001__paired.","X038.CD.T4I_S252_ME_L001__paired.","X061.CD.T14I_S235_ME_L001__paired.","X103.CD.T2W_S151_ME_L001__paired.","X005.CD.V3_S263_ME_L001__paired.","X108.CD.T4I_S45_ME_L001__paired.","X033.CD.V3_S32_ME_L001__paired.","X103.CD.T14I_S165_ME_L001__paired.","X038.CD.T14I_S246_ME_L001__paired.","X087.CD.T2W_S77_ME_L001__paired.","X017.CD.T14I_S18_ME_L001__paired.","X017.CD.T4W_S96_ME_L001__paired.","X072.CD.T4W_S48_ME_L001__paired.","X054.CD.V2_S186_ME_L001__paired.","X087.CD.T4W_S12_ME_L001__paired.","X038.CD.V4_S262_ME_L001__paired.","X014.CD.T2W_S199_ME_L001__paired.","X052.CD.T4W_S31_ME_L001__paired.","X017.CD.V4_S208_ME_L001__paired.","X038.CD.T2I_S259_ME_L001__paired.","X033.CD.V4_S206_ME_L001__paired.","X039.CD.V4_S253_ME_L001__paired.","X041.NCD.V2_S265_ME_L001__paired.","X007.NCD.V2_S113_ME_L001__paired.","X054.CD.T14I_S232_ME_L001__paired.","X081.NCD.V2_S138_ME_L001__paired.","X057.NCD.V2_S82_ME_L001__paired.","X108.CD.T2I_S101_ME_L001__paired.","X063.CD.T2I_S164_ME_L001__paired.","X061.CD.V3_S225_ME_L001__paired.","X005.CD.T4W_S106_ME_L001__paired.","X072.CD.V2_S52_ME_L001__paired.","X087.CD.V3_S193_ME_L001__paired.","X113.CD.V4_S30_ME_L001__paired.","X054.CD.V3_S267_ME_L001__paired.","X084.NCD.V2_S99_ME_L001__paired.","X038.CD.T2W_S129_ME_L001__paired.","X017.CD.T4I_S29_ME_L001__paired.","X037.CD.T2W_S254_ME_L001__paired.","X090.CD.T2W_S237_ME_L001__paired.","X017.CD.T2I_S39_ME_L001__paired.","X061.CD.T4W_S239_ME_L001__paired.","X033.CD.T4W_S110_ME_L001__paired.","X037.CD.T2I_S130_ME_L001__paired.","X105.CD.V4_S81_ME_L001__paired.","X036.CD.T4W_S33_ME_L001__paired.","X087.CD.t21_S118_ME_L001__paired.","X103.CD.T4I_S142_ME_L001__paired.","X061.CD.T4I_S222_ME_L001__paired.","X043.CD.V2_S120_ME_L001__paired.","X059.CD.V4_S226_ME_L001__paired.","X100.NCD.V2_S91_ME_L001__paired.","X105.CD.T4W_S143_ME_L001__paired.","X038.CD.V2_S247_ME_L001__paired.","X058.CD.V3_S176_ME_L001__paired.","X109.CD.T2I_S269_ME_L001__paired.","X090.CD.T2I_S261_ME_L001__paired.","X016.CD.V2_S241_ME_L001__paired.","X017.CD.T2W_S3_ME_L001__paired.","X109.CD.V4_S178_ME_L001__paired.","X016.CD.T4W_S166_ME_L001__paired.","X086.NCD.V2_S198_ME_L001__paired.","X016.CD.T2I_S169_ME_L001__paired.","X037.CD.V3_S160_ME_L001__paired.","X044.NCD.V2_S44_ME_L001__paired.","X060.CD.T14I_S117_ME_L001__paired.","X072.CD.V4_S54_ME_L001__paired.","X033.CD.T2I_S7_ME_L001__paired.","X042.CD.V4_S203_ME_L001__paired.","X112.NCD.V2_S16_ME_L001__paired.","X063.CD.V4_S94_ME_L001__paired.","X037.CD.V2_S214_ME_L001__paired.","X069.CD.T2W_S221_ME_L001__paired.","X101.CD.V4_S66_ME_L001__paired.","X036.CD.V4_S47_ME_L001__paired.","X039.CD.T14I_S211_ME_L001__paired.","X063.CD.T4I_S257_ME_L001__paired.","X072.CD.T4I_S69_ME_L001__paired.","X042.CD.T4W_S109_ME_L001__paired.","X058.CD.V2_S140_ME_L001__paired.","X005.CD.T4I_S8_ME_L001__paired.","X035.NCD.V2_S117_ME_L001__paired.","X058.CD.T2W_S150_ME_L001__paired.","X028.NCD.V2_S19_ME_L001__paired.","X063.CD.T4W_S197_ME_L001__paired.","X059.CD.T2W_S177_ME_L001__paired.","X058.CD.V4_S212_ME_L001__paired.","X008.CD.T14I_S179_ME_L001__paired.","X061.CD.V2_S250_ME_L001__paired.","X052.CD.T14I_S277_ME_L001__paired.","X060.CD.V3_S24_ME_L001__paired.","X011.CD.V3_S229_ME_L001__paired.","X085.NCD.V2_S236_ME_L001__paired.","X069.CD.V3_S231_ME_L001__paired.","X011.CD.T2W_S137_ME_L001__paired.","X019.NCD.V2_S74_ME_L001__paired.","X105.CD.T14I_S5_ME_L001__paired.","X031.NCD.V2_S158_ME_L001__paired.","X060.CD.T2W_S23_ME_L001__paired.","X098.NCD.V2_S155_ME_L001__paired.","X033.CD.T4I_S26_ME_L001__paired.","X036.CD.T2I_S41_ME_L001__paired.","X072.CD.T14I_S65_ME_L001__paired.","X039.CD.T2I_S105_ME_L001__paired.","X059.CD.V3_S264_ME_L001__paired.","X052.CD.T4I_S131_ME_L001__paired.","X054.CD.T4W_S224_ME_L001__paired.","X005.CD.T2W_S266_ME_L001__paired.","X114.NCD.V2_S127_ME_L001__paired.","X105.CD.V2_S86_ME_L001__paired.","X043.CD.V4_S84_ME_L001__paired.","X108.CD.V2_S249_ME_L001__paired.","X113.CD.T2I_S9_ME_L001__paired.","X109.CD.T14I_S2_ME_L001__paired.","X061.CD.V4_S255_ME_L001__paired.","X072.CD.V3_S25_ME_L001__paired.","X052.CD.V2_S89_ME_L001__paired.","X109.CD.T4I_S97_ME_L001__paired.","X040.NCD.V2_S128_ME_L001__paired.","X016.CD.T14I_S121_ME_L001__paired.","X042.CD.T2W_S114_ME_L001__paired.","X103.CD.V4_S188_ME_L001__paired.","X061.CD.T2W_S62_ME_L001__paired.","X072.CD.T2W_S67_ME_L001__paired.","X005.CD.T2I_S172_ME_L001__paired.","X008.CD.V4_S98_ME_L001__paired.","X109.CD.T2W_S34_ME_L001__paired.","X003.CD.T4I_S14_ME_L001__paired.","X108.CD.T4W_S120_ME_L001__paired.","X101.CD.T14I_S100_ME_L001__paired.","X101.CD.T4I_S53_ME_L001__paired.","X113.CD.V2_S6_ME_L001__paired.","X101.CD.T2W_S194_ME_L001__paired.","X016.CD.V4_S223_ME_L001__paired.","X043.CD.T4I_S80_ME_L001__paired.","X033.CD.T14I_S144_ME_L001__paired.","X042.CD.V2_S76_ME_L001__paired.","X043.CD.T14I_S124_ME_L001__paired.","X003.CD.T14I_S75_ME_L001__paired.","X101.CD.V3_S170_ME_L001__paired.","X005.CD.V2_S156_ME_L001__paired.","X103.CD.T2I_S187_ME_L001__paired.","X036.CD.V2_S28_ME_L001__paired.","X011.CD.T4I_S149_ME_L001__paired.","X069.CD.T14I_S260_ME_L001__paired.","X060.CD.T2I_S70_ME_L001__paired.","X037.CD.T4W_S228_ME_L001__paired.","X039.CD.V3_S60_ME_L001__paired.","X033.CD.T2W_S180_ME_L001__paired.","X090.CD.V3_S276_ME_L001__paired.","X088.NCD.V2_S173_ME_L001__paired.","X014.CD.V3_S153_ME_L001__paired.","X105.CD.T4I_S4_ME_L001__paired.","X014.CD.V2_S119_ME_L001__paired.","X033.CD.V2_S20_ME_L001__paired.","X017.CD.V3_S243_ME_L001__paired.","X016.CD.T2W_S107_ME_L001__paired.","X011.CD.T4W_S245_ME_L001__paired.","X036.CD.T4I_S49_ME_L001__paired.","X058.CD.T4I_S27_ME_L001__paired.","X059.CD.V2_S196_ME_L001__paired.","X027.NCD.v2_S122_ME_L001__paired.","X061.CD.T2I_S227_ME_L001__paired.","X014.CD.T2I_S154_ME_L001__paired.","X109.CD.V3_S270_ME_L001__paired.","X058.CD.T4W_S64_ME_L001__paired.","X042.CD.T2I_S167_ME_L001__paired.","X069.CD.T4I_S126_ME_L001__paired.","X060.CD.V4_S21_ME_L001__paired.","X063.CD.T14I_S146_ME_L001__paired.","X113.CD.V3_S274_ME_L001__paired.","X008.CD.T2I_S181_ME_L001__paired.","X037.CD.T14I_S40_ME_L001__paired.","X014.CD.V4_S162_ME_L001__paired.","X042.CD.T4I_S219_ME_L001__paired.","X043.CD.T2I_S159_ME_L001__paired.","X071.NCD.V2_S22_ME_L001__paired.","X054.CD.V4_S210_ME_L001__paired.","X008.Cd.T4W_S121_ME_L001__paired.","X043.CD.T4W_S182_ME_L001__paired.","X017.CD.V2_S108_ME_L001__paired.","X046.NCD.V2_S191_ME_L001__paired.","X054.CD.T4I_S189_ME_L001__paired.","X011.CD.V4_S213_ME_L001__paired.","X103.CD.T4W_S272_ME_L001__paired.","X113.CD.T2W_S37_ME_L001__paired.","X039.CD.T4W_S57_ME_L001__paired.","X054.CD.T2W_S234_ME_L001__paired.","X003.CD.T2I_S275_ME_L001__paired.","X016.CD.T4I_S216_ME_L001__paired.","X052.CD.T2W_S10_ME_L001__paired.","X036.CD.T2W_S17_ME_L001__paired.","X059.CD.T2I_S200_ME_L001__paired.","X052.CD.V4_S152_ME_L001__paired.","X069.CD.T4W_S174_ME_L001__paired.","X069.CD.V4_S35_ME_L001__paired.","X014.CD.T4I_S258_ME_L001__paired.","X063.CD.T2W_S209_ME_L001__paired.","X108.CD.T14I_S104_ME_L001__paired.","X116.NCD.V2_S13_ME_L001__paired.","X005.CD.V4_S171_ME_L001__paired.","X043.CD.T2W_S115_ME_L001__paired.","X014.CD.T14I_S145_ME_L001__paired.","X003.CD.T4W_S38_ME_L001__paired.","X118.NCD.V2_S204_ME_L001__paired.","X036.CD.V3_S175_ME_L001__paired.","X105.CD.T2I_S73_ME_L001__paired.","X021.NCD.V2_S56_ME_L001__paired.","X059.CD.T14I_S242_ME_L001__paired.","X090.CD.V4_S248_ME_L001__paired.","X039.CD.V2_S59_ME_L001__paired.","X039.CD.T4I_S201_ME_L001__paired.","X059.CD.T4I_S233_ME_L001__paired.","X008.CD.V2_S184_ME_L001__paired.","X063.CD.V2_S183_ME_L001__paired.","X037.CD.V4_S217_ME_L001__paired.","X039.CD.T2W_S50_ME_L001__paired.","X058.CD.T2I_S141_ME_L001__paired.","X103.CD.V3_S271_ME_L001__paired.","X052.CD.V3_S51_ME_L001__paired.","X087.CD.T14I_S95_ME_L001__paired.","X011.CD.T14I_S147_ME_L001__paired.","X058.CD.T14I_S192_ME_L001__paired.","X060.CD.V2_S78_ME_L001__paired.","X109.CD.V2_S148_ME_L001__paired."
"1","MF0020","ribose degradation",0,0,0,130,0,0,0,0,48,119.5,57,0,0,0,146,597,41.5,39,0,0,0,117.5,0,61.5,0,0,0,0,43.5,249.5,0,30,54,101.5,0,95,110.5,41,0,118.5,0,197.5,0,142.5,0,0,70,20,67,154.5,0,0,65.5,0,107.5,4.5,93,0,0,0,123.5,596.5,0,0,193.5,0,0,132.5,213,0,341.5,322,4,46.5,37.5,0,54,0,44.5,34,0,97,85.5,130,71,56.5,0,69,0,121,0,0,187,0,0,512.5,0,0,32,0,0,776.5,0,0,183,0,0,0,62,95.5,0,0,11.5,0,0,108.5,103.5,24,47,125.5,0,66,126,0,819,0,229,155,0,87.5,141.5,0,0,114.5,111.5,0,0,13.5,50.5,72.5,0,0,97,37.5,0,259,65,0,0,0,847,396,0,0,131.5,32,50,51,18.5,0,116.5,34,333,0,59,185,153.5,217,43,0,0,0,11,208.5,76,25.5,99.5,0,0,0,0,0,0,64.5,79,123,0,16.5,77.5,0,35.5,52.5,217.5,0,327.5,0,143,0,29.5,302.5,0,16,0,0,262.5,109,13.5,18,103,0,262,0,50,0,225.5,37,85,0,111.5,7,251,10.5,62,0,49.5,0,30,32,0,155.5,0,143.5,68,21,72.5,71.5,0,0,186.5,90.5,52.5,232.5,165,66,37.5,135.5,0,38.5,104,0,27.5,24,0,0,174,29.5,0,0,225,0,226.5,0,300.5,7,0,249,0,59.5,0,119,274,0,186.5,0,0
"2","MF0061","glycerol degradation II",88,190,750,109,599,580,341,387,471,670,174,64,113,50,2419,2651,301,276,188,36,899,469,190,370,995,304,356,69,139,1184,56,519,426,45,301,167,654,290,282,143,515,381,7.66666666666667,365,57.5,61,720,132,1010,1974,502,767,408,61,574,48,98,118,310,701,497,885,237,341,799,328,172,595,792,151,444,2412,120,129,420,133,284,61,267,315,113,743,1059,429,178,210,54,220,241,165,59,297,371,145,61,1104,203,274,298,88,876,7397,54,348,349,718,164,1160,132,703,185,943,155,97,123,190,911,56,229,257,14.6666666666667,430,1458,586,1650,1016,1669,2227,64,121,417,152,101,973,229,200,236,130,396,319,271,179,357,447,50.5,483,326,34,584,99,1176,520,135,279,838,260,412,658,236,115,942,198,1568,197,374,529,766,1606,126,44,61,951,64,1035,241,277,179,335,80,271,428,164,747,574,531,343,258,122,372,430,89,771,593,51,2489,97,494,779,161,294,42,53,46,59,1003,462,179,161,853,431,633,203,267,38,841,67,602,218,234,49.6666666666667,1685,199,814,228,400,221,425,556,530,888,85,644,319,131,794,755,89,176,498,1299,151,570,931,529,302,794,92,112.333333333333,713,334,86,78,46,79,562,63,34,122,699,136,915,117,1961,236,18,3294,435,101,1308,700,1672,87,594,99,353
"3","MF0060","glycerol degradation I",0,0,0,0,0,0,578,0,0,0,0,0,0,0,0,0,0,0,0,0,0,0,0,0,0,0,0,0,0,0,0,0,0,0,0,0,0,0,0,0,0,588.5,0,0,0,0,0,0,0,0,0,0,0,0,0,0,159.5,0,0,550,0,0,0,0,0,0,0,0,0,0,650,0,0,0,0,0,0,0,0,0,0,0,0,0,0,0,0,0,0,0,0,0,276.5,0,0,0,0,0,0,0,0,3699,0,0,1026,0,0,0,0,0,0,0,0,0,0,0,0,0,0,395.5,0,0,0,0,0,0,0,0,0,0,0,128,0,0,0,0,0,0,0,0,851.5,0,0,0,0,0,0,0,0,0,1289.5,0,0,0,0,0,0,0,0,0,472,0,0,0,0,0,0,0,0,0,0,0,0,0,0,0,0,0,0,0,0,0,0,0,0,263.5,0,0,0,0,0,0,0,0,0,0,0,0,98,0,0,0,0,0,619.5,0,0,0,0,770,0,0,0,0,0,307.5,0,0,0,0,1360.5,0,0,0,0,0,0,0,0,0,0,0,0,0,0,0,0,0,0,0,0,0,0,0,0,1190.5,0,0,0,0,0,0,0,0,0,0,0,0,0,0,0,0,0,0,0,0,0,0,0,0,0,0,0,0,0
"4","MF0027","tyrosine degradation II",0,1,1,0,0,3,0,0,1,0,0,0,0,0,0,0,2,0,0,0,4,0,0,0,1,0,0,0,1,1,0,0,3,1,0,0,0,0,0,0,1,2,0,2,0,0,0,0,0,0,0,0,0,0,0,2,2,0,0,0,0,1,0,1,2,0,0,2,0,0,8,0,0,0,0,0,0,0,0,0,0,0,1,0,0,0,0,0,0,0,0,0,1,0,0,12,0,2,1,0,0,9,0,0,2,2,0,1,0,1,0,0,0,0,0,0,0,0,0,0,0,0,0,0,7,0,0,0,0,0,0,1,0,0,0,0,0,0,0,1,0,0,2,0,0,1,0,0,1,0,0,2,1,0,1,0,0,0,0,0,1,0,2,0,0,0,0,1,0,0,1,0,0,0,0,0,1,2,0,0,0,0,0,0,2,2,0,0,0,0,0,2,0,1,0,0,2,2,0,2,0,0,1,0,4,0,0,0,0,0,0,0,0,0,6,0,0,0,1,0,1,0,0,0,0,3,0,0,1,0,0,1,0,0,3,1,0,1,1,1,0,7,3,0,0,0,0,2,1,0,0,0,0,0,1,1,0,0,1,1,1,0,0,0,0,0,0,0,1,0,9,1,1,0,0
"5","MF0028","aspartate degradation I",123,445,931,877,465,1781,1008,460,673,1476,1125,233,586,165,1393,10032,1871,503,217,41,735,1420,121,937,3032,2451,1458,191,363,2686,112,303,1109,750,1254,1134,1435,1068,361,826,1168,1536,183,1622,17,554,1353,365,982,1797,675,3311,682,202,805,53,487,454,942,956,749,4669,604,1095,1517,1053,1584,548,1304,779,1584,1366,237,341,843,94,1549,134,1206,362,283,1766,944,2586,434,544,363,400,794,1282,125,718,740,336,210,2916,468,461,427,1074,1324,9374,192,1538,1405,1841,1367,1143,996,568,426,1931,184,183,543,1500,2430,132,805,894,144,889,1059,700,5880,763,1963,3366,143,526,1305,99,604,1897,353,573,867,122,655,1199,2807,190,2299,560,82,5258,833,57,2010,116,3008,2135,254,312,739,312,1236,516,163,244,3289,282,3864,1842,677,2068,1706,4754,341,81,311,1144,150,4166,575,651,1280,1867,96,590,1253,116,1346,649,1836,327,1060,187,1771,594,223,1379,2530,70,1821,381,1672,938,124,2060,2,241,239,669,757,411,263,185,610,1939,1025,830,518,520,1137,526,1218,194,1097,167,3901,94,1568,1600,417,657,931,641,280,2043,177,1500,856,265,1245,583,479,372,1276,1634,548,2978,1099,724,653,2380,531,280,917,1165,119,253,235,189,1287,401,148,412,1406,884,984,99,1576,244,59,2090,1056,752,1390,2369,2538,147,890,1260,1014
"6","MF0069","NADH:ferredoxin oxidoreductase",0,0,3,2,0,0,0,0,6,0,0,0,0,0,0,46,39,0,2,0,8,0,0,0,0,0,0,0,0,9,0,0,3,0,0,0,1,0,0,12,0,2,0,0,0,0,0,0,6,21,0,0,0,0,1,0,0,0,0,0,7,2,0,0,2,0,0,0,1,0,0,0,0,0,6,0,0,0,17,0,0,0,0,5,1,0,0,5,0,1,2,2,0,0,0,0,0,0,0,0,2,0,0,0,150,0,6,0,6,0,0,0,0,0,0,0,0,0,2,0,2,0,22,2,0,0,0,0,0,2,1,1,8,0,6,0,0,5,1,0,0,0,54,6,0,10,0,0,0,0,0,0,0,0,0,0,62,3,0,0,0,0,7,0,0,0,0,0,2,0,0,0,1,0,3,0,0,0,0,0,4,0,2,0,0,0,2,0,0,2,0,0,0,0,1,0,0,0,0,9,3,0,0,0,0,1,0,0,0,0,6,0,0,0,26,6,7,0,0,0,0,6,0,0,6,0,1,0,0,0,0,1,8,0,0,0,0,0,0,0,0,0,3,0,1,6,0,0,0,0,0,0,0,0,0,0,0,0,0,0,0,0,0,0,0,0,0,0,0,0,6,0,0,2,0
"7","MF0102","sulfate reduction (dissimilatory)",0,0,64,77.75,0,0,0,0,47.5,0,0,20,0,0,0,694.5,0,0,18.25,0,126.5,137,15.75,0,0,0,0,5.25,0,175,0,0,63.75,0,0,60.25,0,0,0,53.5,0,0,0,0,0,0,157.75,0,0,81.5,0,221.25,31,0,57.5,0,0,0,87,0,0,0,0,0,169.25,97.5,97.5,72.75,0,0,119.25,0,0,0,28,0,0,0,0,0,0,0,154,0,0,0,0,0,86.5,68.75,0,32.5,0,0,0,0,0,0,26.5,0,0,731.5,0,76,106,121.75,88.25,117.25,0,77.5,0,0,0,0,0,0,0,0,47.25,0,0,88.5,52.25,0,0,68.25,243,410.5,0,0,0,0,58,0,96.75,28.25,0,0,40.5,148.75,0,0,60.75,0,0,327.75,0,0,0,0,293,0,0,0,56,60.5,0,0,0,0,0,0,213.75,98.25,0,168.25,254.25,167.75,0,0,0,121.75,8.5,589,0,74.75,62.5,0,0,0,0,0,132.75,0,0,0,69.25,0,0,0,0,0,0,0,187.25,0,0,0,0,171.5,0,11.5,0,0,0,0,22.5,0,0,0,61.25,0,31,0,123,31.25,118.25,0,0,0,0,0,0,0,0,0,0,38.5,106.5,263.25,0,0,39.25,0,107.75,0,0,23.25,0,232.75,77,0,0,112.5,0,127.5,0,0,83.25,0,0,19,0,0,75.75,0,0,0,91,29.25,84,0,100,29.25,0,0,0,0,0,0,293.5,0,125.75,0,83.25
"8","MF0026","tyrosine degradation I",0,0,0,0,0,0,0,0,337.5,739,0,117,0,0,0,5018,0,0,0,0,370,710.5,0,0,0,0,0,0,0,1346,0,0,556.5,0,0,584.5,721.5,0,0,0,0,0,0,812,9,0,0,0,0,902.5,0,1657.5,345.5,0,0,0,0,0,474,0,0,0,0,549,760.5,529,793,0,0,391.5,0,0,0,174,430,0,0,0,0,0,0,0,475,0,218,0,0,0,0,0,0,359.5,0,0,0,0,236,241,215,0,0,4691.5,0,772,0,932.5,0,0,0,287,0,966.5,0,0,0,0,0,0,0,592.5,0,0,0,0,0,0,982.5,1687.5,0,0,0,138.5,0,949.5,0,0,0,0,330,600.5,0,0,1156.5,281,0,0,0,0,0,0,0,0,0,0,0,0,621,0,0,0,0,0,0,922,340.5,1035,0,2379.5,0,0,0,574,0,0,0,0,640.5,0,0,0,627.5,0,0,0,0,0,0,0,0,0,0,705.5,0,0,921,0,836.5,0,0,1031,40,0,0,0,0,0,0,0,0,0,0,0,259.5,0,575.5,0,612,0,0,0,0,0,784.5,801,210,0,0,326,140.5,0,0,0,429.5,0,625,0,0,188,0,0,276,0,0,363,0,0,0,0,0,0,0,0,0,0,644.5,0,0,0,0,0,0,0,0,0,0,0,0,0,703.5,0,1275,0,446,0,508
"9","MF0067","glycolysis (preparatory phase)",167,434,1031,558,725,1339,1151,504,791,1462,370,110,503,145,2419,7686,766,559,259,52,814,1182,190,1035,2515,1678,1001,201,260,2930,170,519,1199,727,1049,500,1288,1252,282,570,1212,1336,100,1295,54,297,1133,227,1141,1974,563,1662,792,93,1063,70,352,280,640,965,978,4447,389,934,1471,724,911,583,1542,444,1260,2443,240,283,935,110,953,134,947,406,278,1208,978,1588,516,377,144,418,919,827,120,814,657,296,209,2465,402,318,443,368,1435,7448,218,685,1152,2132,877,1160,773,774,238,948,155,141,353,1038,1324,134,781,681,78,1042,1458,849,4878,1128,1831,2227,132,520,1359,132,484,1454,508,534,970,181,736,719,2150,572,1128,596,81,1883,816,57,1379,100,2782,1301,162,279,1173,260,1192,935,205,260,1093,375,3271,1540,662,1950,1077,4512,398,49,140,764,158,2231,596,678,953,1346,118,516,970,179,1456,502,1119,515,1080,122,1146,660,331,813,1618,107,2187,304,1803,978,179,1249,55,183,291,403,1145,613,162,267,853,1539,1386,640,571,356,1236,446,1456,241,802,105,2717,133,1354,1366,495,456,463,740,376,1506,151,1109,820,347,794,740,357,338,1367,1276,345,2182,1460,587,693,2379,414,274,1349,733,139,272,217,176,1453,291,234,391,1565,537,1713,141,2401,262,72,3233,979,630,1235,1085,2498,261,1096,840,946
"10","MF0100","methanogenesis from carbon dioxide",0,0,25,2,10.8,0,0,1.1,12.5,0,0,0,0,0,0,0,0,0,32.2,0,0,47.3,0,134,0,2.7,0,0,0,98,26.2,0,37.1,0,0,0,0,25,0,32,40.5,6.9,0,0,0,7.5,0,0,0,13,3.9,0,32.4,0,0,0,0,1.2,0,0,0,38.6,0,24.2,0,0,5.8,0,12,0,0,0,5,0,24,2.5,2.8,0,26.1,12.8,0,0,0,0,23.6,0,0,2.1,0,11.9,0,25.4,0,0,38,0,0,2,19,0,72.7,0,20,0,28.5,175.5,10.5,17.5,0,14,0,0,0,0,0,0,0,0,24.3,0,2,0,11,17.5,0,0,0,0,3.2,13.5,0,0,15.5,0,63.5,4.6,45.2,0,18.2,0,5.1,0,70.5,6,0,0,22,1.9,0,0,0,0,0,0,58.5,0,24.4,0,0,12.4,0,0,0,4.7,16,0,0,107.5,0,0,0,11,1.8,0,0,0,28,0,0,4,11.6,0,17,4.8,0,0,9.4,0,0,14,0,12,0,0,10.5,0,0,0,0,19.5,0,9.6,9,0,0,26,1,0,0,11.9,40,0,11.6,1.9,177,5.8,17.5,0,3.5,10.5,0,1,0,59.1,17.5,0,0,33.2,0,0,2,0,14.7,0,33.2,0,0,34.9,0,7.5,0,0,28.5,0,5.8,3.5,17.3,16.8,6.4,0,0,4.3,6.4,0,0,0,6.5,1.1,110.5,11.5,0,0,73.9,0,5.7,0,0,17,10,0,0,0,36.9,4.4,39.5
"11","MF0068","glycolysis (pay-off phase)",146,564,983,641,912,1555,1222,634,859,1422,524,79,436,150,2325,8874,574,615,328,80,954,1150,204,923,2883,1427,1123,375,274,2984,180,618,1159,1096,935,934,1254,989,423,634,1781,2186,120,986,98,408,1079,316,933,1378,650,1930,559,98,898,140,530,227,729,903,829,3846,424,1011,1468,890,1138,811,1497,524,1540,2745,653,446,971,115,1116,164,1637,304,259,1075,1228,2247,525,430,249,390,736,782,152,581,812,276,211,3066,365,302,372,528,1353,13769,219,997,1126,2588,912,1057,591,800,294,1244,152,136,334,806,1629,140,769,1126,95,846,1379,984,4181,1125,1612,1902,137,526,1097,236,517,1548,780,497,1191,194,402,994,1643,358,1660,563,91,4235,685,60,1268,96,3525,1562,155,326,1231,340,1094,696,172,302,2500,602,4330,1327,603,1527,1344,3439,445,58,198,929,98,2636,498,657,839,1644,247,750,1691,212,2410,573,1359,717,910,202,1335,1050,270,759,1991,187,3031,211,1431,848,239,1333,117,181,247,494,1250,734,189,266,1237,1238,1387,657,474,356,2803,378,1436,229,579,123,3561,221,1149,987,486,730,639,739,721,2171,148,1316,748,361,1242,931,329,450,1692,1403,379,1888,1146,719,603,2082,427,360,1362,862,133,209,140,158,1727,237,154,387,1530,596,1570,119,1661,351,69,2784,917,605,1288,1362,2693,293,1248,697,1094
"12","MF0024","phenylalanine degradation",0,0,0,0,0,0,0,0,0,0,0,0,0,0,0,0,0,0,0,0,0,0,0,0,0,0,0,0,0,0,0,0,0,0,0,0,0,0,0,0,0,0,0,0,0,0,0,0,0,0,0,0,0,0,0,0,246.5,0,0,0,0,0,0,0,0,0,0,0,0,0,821,0,0,0,0,0,0,0,0,0,0,0,0,0,0,0,0,0,0,0,0,0,391.5,0,0,0,0,0,0,0,0,0,0,0,0,0,0,0,0,285,0,0,0,0,0,0,0,0,0,0,0,0,0,0,0,0,0,0,0,0,0,0,0,0,0,0,0,63,0,0,0,0,0,0,0,0,0,0,0,0,1573,0,0,0,0,0,0,0,0,0,0,0,0,0,0,0,0,0,0,0,0,0,0,0,0,330,0,0,0,0,0,0,0,0,0,186.5,0,0,0,0,0,0,0,0,911,0,0,0,67.5,0,0,0,0,0,415.5,0,0,0,0,0,0,0,0,0,0,0,0,0,0,0,0,0,0,0,0,0,0,0,0,0,0,0,0,0,0,0,0,0,0,0,0,0,0,0,0,0,0,0,0,0,0,0,0,0,0,0,0,0,0,0,0,0,0,124.5,0,0,0,0,0,0,0,0,0,0,0
"13","MF0021","xylose degradation",113.5,371,757.5,695.5,811.5,1152,928,476,686,1483.5,719,103,395,118,1587.5,6281.5,1161.5,389,170,31.5,893,982,151.5,611,2132,1794.5,961,271,200.5,3065.5,72,539.5,707.5,789,1041,685,916.5,753,332,629,1611,1358,125,1260.5,83.5,364.5,804,315,783,1172,631.5,2117.5,391,86.5,635,94.5,321.5,287.5,664.5,654,851,4136,372.5,433,1320,843,1025,842,1513.5,566,1203,2224,67.5,312,423.5,79,814,119,952.5,267,169.5,999,1005.5,1592,353.5,393.5,241.5,401.5,656,751,158,428,690.5,251,181.5,2988.5,269,286,241.5,698.5,1079,8934.5,122.5,1033.5,811,2624.5,961.5,996,553,747.5,316.5,1520.5,137,125,307.5,1283.5,1515.5,160,773,874,51,1003,1046.5,1013.5,5028,947,1634.5,1952,106.5,362,739,96.5,370,1315.5,313,417.5,1001,146,315,1200.5,2296,189,1904,506.5,51,3906,459,49,1716,73,2816,1864,158,295.5,1122.5,322,596.5,579,155,193,1955.5,521.5,3003,1355.5,444,1195.5,1601.5,2841.5,483,58.5,188.5,949.5,91,2651,359,554,699,1160,169.5,557.5,1293.5,152,2005.5,454,1260.5,495.5,689.5,160,953.5,855,226.5,818.5,1957,148,2445.5,330.5,1307.5,721.5,220.5,1412.5,45,156,175,368.5,1035,838,204.5,165.5,998,1087,1330,758.5,286.5,316.5,2957.5,254,1396.5,213.5,931.5,79.5,2673,90,1128,1083.5,563,632,477.5,341,308.5,1703,174.5,746,368.5,252,868,924,372.5,268,1243.5,1239,459,2362,1027,719.5,582,1930.5,383,161.5,1092.5,700,150,213.5,148,120.5,1363.5,276,111,238.5,1025.5,567,1575,120,1350.5,252,106,2741.5,748.5,481.5,1127.5,1519.5,1854.5,199.5,964,955.5,1084
"14","MF0065","Bifidobacterium shunt",40,153,245.5,328.5,250,612.5,328.5,208.5,537.5,602.5,208.5,33.5,249.5,44,516,3263.5,220.5,223,125,37.5,337.5,573,115.5,315.5,1083,869,508,150.5,114.5,778.5,53.5,169.5,310,549,574,350,535.5,357.5,81,338,497,593,85,373,15.5,187.5,629.5,123.5,348,637.5,216.5,1029.5,160,46,301,46,165,53,339,364,314.5,1560,181.5,325,538.5,389.5,594.5,256,1046.5,263,581,762,160.5,135,242,29.5,334.5,83.5,426.5,90,138,549.5,407,877.5,225.5,157.5,146.5,238,279.5,470,79.5,177,367,106,109,921.5,166.5,71.5,120.5,157.5,411.5,4387.5,62,450,429,762.5,649,261.5,325.5,236,120,284,46,69,252.5,587.5,779.5,59,294,338,48.5,337,469.5,336.5,1185.5,378,827.5,840.5,63.5,249,376,124,212,442.5,479,142.5,361.5,107,267.5,230.5,694,77,499.5,209,27.5,1577.5,272,24.5,554.5,87,1291,519,63.5,138,758,94,329,160,65,76.5,392,170.5,1371.5,403.5,155.5,657.5,319.5,1209,118.5,42.5,63.5,186,59,1204.5,181.5,191.5,374,652.5,67,217.5,542.5,115.5,612,165,273.5,214,253.5,35.5,526.5,239.5,70.5,179,667.5,47.5,1088.5,152,607.5,359.5,66.5,960,35.5,67.5,83.5,320,456,187,87,77.5,405,723.5,434.5,304.5,144,228,749.5,171,474.5,82,423,69,1277,103,343.5,680.5,146.5,172.5,403,223,149.5,425.5,84.5,416.5,261,115,252,323,88.5,129,553,424.5,95.5,640.5,364.5,159.5,234,677,227.5,212,410,418.5,65,111.5,87,69.5,540.5,202,37,176,400,331,648,91.5,515,88,33,960.5,344,230.5,368,574.5,930.5,70,435,395,295
"15","MF0019","rhamnose degradation",60,328,365,578,349,990,389,277,462,564,274,19,269,71,638,4340,417,304,35,18,251,368,30,205,1460,1110,572,63,139,484,54,212,245,661,586,475,436,395,77,427,760,922,79,569,0,225,405,184,328,722,229,1218,156,20,394,32,311,48,423,316,332,2082,219,174,492,466,443,121,583,430,1001,564,22,247,194,14,439,38,413,99,100,465,446,1365,105,268,182,240,298,644,54,249,506,107,39,1349,132,44,120,237,344,7385,34,747,407,215,654,188,351,128,74,272,64,47,308,640,1076,82,357,191,31,262,507,418,1308,182,1563,792,45,193,458,32,230,783,132,185,390,107,152,166,1262,102,407,321,59,2013,199,15,890,81,2367,722,67,84,298,64,292,228,59,85,855,137,2207,420,166,749,214,561,91,25,88,100,39,1861,244,272,283,941,29,349,886,44,1103,101,336,291,344,34,930,466,84,139,1148,68,1510,197,580,257,90,1266,2,66,94,168,574,190,48,111,159,581,241,514,206,156,159,188,657,47,431,39,2142,36,331,273,148,146,168,95,189,548,74,616,103,198,152,269,137,61,836,341,78,1006,369,119,201,636,130,62,395,476,47,73,49,83,576,129,27,135,395,429,161,39,376,156,15,479,215,290,254,337,938,122,228,513,226
"16","MF0074","pyruvate:formate lyase",124,467,910,1068,744,1582,1315,439,866,2038,289,72,475,107,2727,10564,853,613,406,35,1345,1937,226,1132,3245,1664,1709,296,158,3441,99,695,972,1053,1509,1100,1785,1131,375,1131,1823,1957,203,435,118,720,1291,538,1225,2046,666,3990,969,16,961,130,408,156,1072,879,1232,5409,452,572,1634,1632,1668,813,2283,1002,1548,3690,318,241,809,140,657,191,2544,561,180,1513,1587,2262,501,391,331,580,1124,1443,178,801,871,340,312,2232,453,315,547,413,1643,12044,205,1444,1343,4108,1546,794,676,1028,201,1158,120,117,346,1196,1964,160,1144,825,80,1490,1794,1229,3355,1733,2265,2786,143,820,940,195,583,1524,1021,559,1499,130,615,1051,1938,288,2413,565,55,4119,782,62,1714,82,4008,1263,227,495,1794,339,1222,839,224,278,1121,789,3734,1082,752,2021,1257,3990,566,56,169,1337,114,3096,393,482,831,1439,295,665,1412,308,1960,575,892,1041,793,165,1146,958,365,548,962,172,5695,275,2097,1178,271,2228,78,271,294,681,2271,1038,133,281,1707,1797,2381,938,548,600,4134,328,1592,392,888,144,4236,151,1251,2621,811,761,390,752,265,1907,178,1077,570,329,1388,1318,165,565,1699,974,303,1080,1567,670,861,2606,827,409,1560,1450,188,228,372,193,1721,191,148,310,1591,900,3169,198,2486,213,89,4411,1136,626,1260,869,2729,249,1636,811,1311
"17","MF0030","glutamate degradation I",0,0,0,0,0,0,0,0,0,0,0,0,0,0,0,393,0,0,0,0,0,0,0,0,0,0,0,0,0,0,0,0,0,0,0,0,0,0,0,0,0,0,0,0,0,0,0,0,0,0,0,0,0,0,0,0,0,0,0,0,0,0,0,0,0,0,0,0,0,0,4,0,5,0,0,0,0,0,0,0,0,0,0,0,0,0,0,0,0,0,0,0,0,0,0,0,0,0,0,0,0,0,0,0,0,22.5,0,0,0,3.5,0,0,0,0,0,0,0,0,0,0,0,0,0,0,0,0,0,0,0,0,0,0,0,0,0,0,0,0,0,0,0,0,0,0,0,0,0,0,0,0,0,12.5,0,0,0,0,0,0,0,0,0,0,0,0,0,0,0,0,0,0,0,0,0,0,0,0,0,0,0,0,0,0,0,0,0,0,0,0,0,0,0,0,0,0,0,0,0,0,0,0,0,0,0,0,0,0,0,0,0,0,0,0,0,0,0,0,0,0,0,0,0,0,0,0,0,0,0,0,0,0,0,0,0,0,0,0,0,0,0,0,0,0,0,0,0,0,0,0,14.5,0,0,0,0,0,0,0,0,0,0,0,0,0,0,0,0,0,0,0,0,0,0,0,0,0,0
"18","MF0031","glutamate degradation II",92,223,645,869,262,1297,580,424,317,810,281,78,508,160,726,6624,714,328,130,20,512,1215,72,1352,2428,2332,1281,122,152,1847,60,124,1187,466,1527,869,1294,1364,49,822,1175,664,185,1104,10,552,903,293,877,1279,358,2659,480,43,407,73,386,125,663,641,508,4059,381,757,1158,816,1369,152,932,676,1003,1024,105,138,528,44,928,69,1166,203,158,1068,544,1589,298,451,278,229,504,1204,76,439,486,171,520,2080,381,70,232,302,922,5093,360,929,2005,1957,1319,359,667,447,126,444,77,96,313,1574,1387,105,734,91,83,565,839,644,4677,709,1258,1751,134,601,628,45,448,835,424,414,663,86,364,324,2482,165,867,455,40,2695,936,44,2056,52,2244,1280,109,186,602,69,1478,239,95,206,194,101,1465,1169,387,1898,267,4420,182,48,95,172,122,2311,397,468,931,1089,29,457,838,109,780,253,146,310,1104,28,1168,514,129,207,1526,90,1643,385,1116,477,91,1725,3,222,317,592,973,292,77,162,681,1348,962,1057,356,463,1011,502,953,163,1173,137,2334,103,672,1726,333,120,257,354,165,296,133,874,683,196,196,375,257,249,677,623,173,2234,1130,220,685,2347,506,208,598,886,82,283,187,179,748,254,168,358,1208,688,1234,95,1255,143,76,1087,733,598,376,598,1566,101,887,1144,620
"19","MF0075","acetate to acetyl-CoA",90,190,528,377,190,787,364,173,205,187,212,22,175,77,544,5060,139,154,187,27,413,478,127,627,1266,989,429,62,68,1710,24,190,312,191,884,383,582,229,37,342,334,532,52,139,38,120,576,139,241,1177,138,755,317,12,495,23,233,45,330,314,346,1842,168,704,697,292,267,214,226,169,800,368,31,193,660,9,357,46,132,218,119,426,1120,1143,294,331,100,204,96,266,60,406,496,41,106,388,165,56,356,176,634,2372,123,429,527,812,475,225,326,383,147,712,35,29,80,676,685,77,282,64,29,135,309,273,443,123,1180,738,71,232,952,16,240,893,177,299,632,142,202,701,1208,101,628,172,39,1085,314,26,803,34,2256,252,63,84,541,140,842,312,336,123,190,86,1968,839,222,707,1321,1959,193,26,56,82,54,1072,347,320,420,747,35,187,429,66,464,96,300,317,211,26,753,153,186,142,286,75,1688,154,261,311,67,631,13,102,119,80,871,194,48,137,154,417,939,659,227,208,1371,133,741,101,409,42,2180,86,228,467,261,201,253,458,160,401,61,838,460,165,149,292,33,199,286,300,217,252,716,823,158,529,193,54,559,314,108,169,69,84,541,48,84,146,1185,312,199,26,1192,116,167,291,495,164,304,536,1740,128,458,384,311
"20","MF0072","pyruvate dehydrogenase complex",31,9,34,54,70,553.5,57,7,77,56,5,15,0,2,19,216,70,132,3,13.8333333333333,19,82,3,187,6,746,9,21,5,59,16,14,121,16,519.5,106,8,245,4,84,511,108,54,60,0,138,8,5,22,65,113,7,38,0,18,6,16,47,40,6,4,410,114.166666666667,43,2.66666666666667,16,20,71,159.5,216.166666666667,148,129,9,102.5,80,10.8333333333333,53,38,273,7,0,24,12,21,41,168.5,129,3.66666666666667,40,167,2,8,189,52,52,85,2,1,4,125,120,281,54,17,465,158,94,119,34,19,47,72,19.5,7,174,0,5,29,116,42,31,38,79,179,256,63,13,18,0,23,30,9,31,25,293,8,45,6,9,27,5,3,75,19,0,178,205,8.5,605,0,740,77,2,13,23,11,406,16,33.5,54,37,22,27,26,22,40,45,105,56,11.5,39.5,14,20.1666666666667,4,9,13,23,6,7,60,208,4,168,72,8,195,48,6,4,194,46,56,42,13,755,116.5,70,22,62,269,0,37,76,9,524,14,37,1,154,25,48,411.5,4,71.5,152,107,150,11,305.5,47,25,5,13,138,51,26,4,15,19,46,27.5,4,173,2,40,19,43.5,83,17,128,34,39,346,41,38,37,74.1666666666667,88,47,0,9,56,24.5,0,196,6,28,25.5,169,45,278,17,50,5,26,164,66,4,45,8,15,8,151,0,29
"21","MF0073","pyruvate:ferredoxin oxidoreductase",199,567,1086,659,559,2262,1390,855,603,1384,411,114,506,231,3091,16777,796,747,587,94,1242,1063,314,1267,4066,1816,1151,198,266,2861,245,570,924,416,2039,903,1420,1006,166,712,1082,1692,110,861,107,472,1283,242,553,1213,638,1462,652,64,1113,115,564,156,668,1040,905,4818,562,2173,1492,665,544,603,845,405,1899,2355,417,403,1937,117,1128,191,2338,309,386,1177,1405,3085,818,686,199,472,535,873,138,800,970,223,254,2849,383,255,344,423,1637,9096,318,736,1376,2205,1248,1206,801,980,404,1458,138,135,346,1347,1600,146,563,458,101,793,738,918,3549,948,2746,2011,111,742,2218,174,813,2010,989,593,1257,253,490,809,2503,445,881,501,120,4106,1039,101,1587,218,4000,1208,90,278,1039,339,2223,550,142,337,645,571,5331,921,548,1782,910,2447,1134,62,153,1006,141,2699,875,839,969,2052,242,566,1318,306,1213,505,719,529,504,93,2138,633,407,663,1871,216,2959,351,1191,1070,175,1794,39,119,374,204,1461,349,228,395,1228,1418,1544,1543,482,174,1959,582,1090,206,849,162,6171,389,872,791,494,409,566,1645,1449,1209,180,2564,1662,420,806,1565,227,839,1600,1627,260,1801,1505,567,570,1737,201,588,1948,682,332,192,122,220,1733,224,188,350,2421,708,1612,88,2529,430,72,2289,1402,545,1234,1445,3025,296,2174,954,1076
"22","MF0070","pentose phosphate pathway (oxidative phase)",23,85,169,259,197,308,252,124,85,164,52,20,68,30,326,1411,50,80,26,11,245,298,36,75,414,156,212,117,40,307,30,128,148,172,204,350,194,185,37,184,561,503,45,117,26,100,188,73,106,122,102,432,127,6,158,23,61,25,172,162,181,975,62,120,253,185,296,188,233,189,173,432,74,53,88,21,201,52,660,67,33,142,224,313,41,145,125,98,91,234,50,111,111,31,34,541,66,37,71,67,246,1922,22,413,172,253,255,132,112,73,43,192,17,11,112,194,157,32,124,258,30,113,193,530,910,210,347,279,31,39,228,46,62,200,247,100,200,32,94,142,285,63,164,84,18,643,96,9,242,19,580,341,23,30,269,44,206,83,36,27,93,152,828,174,110,287,352,358,104,15,24,152,27,313,126,155,172,213,63,263,619,33,568,89,128,131,252,19,304,279,74,82,277,50,864,29,161,75,56,479,39,14,23,83,324,164,17,70,178,183,421,152,76,77,289,47,141,28,161,30,537,42,141,211,115,102,99,124,51,209,37,273,100,60,74,193,32,55,324,232,113,259,206,94,141,345,123,94,366,89,21,39,18,24,463,37,13,32,306,97,280,10,422,49,15,480,156,60,93,184,522,62,156,88,116
"23","MF0071","pentose phosphate pathway (non-oxidative branch)",78,281,585.5,446,497,864,582.5,320.5,537.5,850,241,47.5,249.5,62,1222,4460.5,450,386.5,147.5,37.5,607.5,788,115.5,441.5,1514,869,508,150.5,170.5,1580.5,71.5,425.5,464,549,574,446.5,732,703.5,176.5,414,808,940,85,724.5,29,214,629.5,213.5,698,1206,340,1447.5,327,46,483,59.5,238,118.5,432.5,504,577,2057,227,325,747,514,803,443.5,1046.5,351.5,818.5,1679.5,195,230.5,302.5,69,396.5,83.5,714.5,190.5,138,650.5,686,1096.5,288,222,146.5,238,398,586,79.5,268,552.5,160,109,1737.5,202.5,166,239.5,218.5,756.5,7470.5,78,643.5,520.5,1279,649,688.5,325.5,519.5,120,783,98.5,69,252.5,587.5,945,79.5,490,495,59,572,1009,551.5,2749,744,1298,1302.5,63.5,314.5,568.5,140,268.5,904,377.5,241.5,547,107,267.5,382,842.5,164.5,726.5,327,27.5,1926,348.5,30,801.5,87,2074,981,101.5,235,758,182.5,458.5,362,153,178.5,675.5,343.5,2042.5,681.5,307,657.5,706,2055.5,198.5,42.5,76.5,468,59,1439,273,328.5,374,890.5,142,341.5,850,115.5,1049.5,312,477,431.5,435,92,711,473,126.5,423,1223,113,1902,152,926.5,551.5,151.5,960,48,97.5,128,320,826.5,495,87,152.5,791,723.5,712,415.5,243.5,228,1440.5,171,762.5,141,423,92.5,1868.5,103,584,845,368,333.5,403,308,259,1158.5,84.5,563,327.5,173,501.5,525,193,187.5,958,778.5,142.5,1311.5,680.5,415.5,356,1163.5,316,212.5,691,586.5,65,111.5,117.5,87.5,825.5,202,82.5,176,693.5,452.5,1097.5,91.5,1067.5,141,66,1798.5,512.5,357.5,595.5,574.5,1335.5,157,652,395,565.5
"24","MF0038","methionine degradation I",51,137,667,611,253,876,761,523,339,699,179,73,222,84,630,5839,95,200,534,9,414,878,93,830,1459,2179,984,116,101,1795,214,584,1095,289,927,885,874,791,65,466,742,871,77,181,32,295,632,263,225,539,178,1507,810,38,644,51,448,123,524,621,333,3247,302,1368,982,973,955,118,360,465,1084,2061,270,109,1666,48,964,118,804,360,182,668,403,1613,692,478,282,198,367,675,86,758,498,190,230,559,217,139,489,302,752,2838,265,928,1411,833,726,195,642,223,86,349,38,64,229,1322,1009,108,436,89,109,266,341,559,740,925,1396,1343,138,426,912,17,549,781,427,430,704,48,862,235,1980,67,933,162,57,1479,565,67,1642,69,2593,326,59,206,727,49,1420,437,61,182,176,393,1666,1267,769,1669,273,3204,141,15,91,315,185,1719,569,214,881,790,142,343,803,83,822,106,204,249,833,37,756,343,216,353,339,42,586,355,632,756,80,1318,26,166,241,358,736,257,51,98,887,1071,1080,586,505,403,732,485,1270,95,1008,145,2553,211,519,731,331,189,334,1248,131,459,87,1169,1295,153,416,245,38,863,451,223,207,403,1144,129,274,671,350,304,1353,509,147,290,107,119,1072,37,122,346,1482,458,1690,136,1201,99,105,1132,357,402,542,452,1896,55,712,1049,545
"25","MF0039","methionine degradation II",0,0,13,0,17,0,20,0,0,4,3,0,0,0,0,0,0,0,0,0,0,0,0,0,0,0,0,7,0,0,82,4,0,6,0,0,0,0,0,0,39,19,0,14,0,1,0,0,11,1,0,0,12,0,0,9,2,0,0,0,0,0,0,0,0,0,0,9,0,0,14,13,278,1,0,0,0,7,180,17,0,0,0,0,0,0,0,0,1,2,0,16,21,0,0,35,0,0,14,0,27,0,0,0,0,0,0,0,0,0,0,0,0,0,0,0,0,0,0,107,93,2,33,16,32,17,0,2,0,0,0,2,0,0,368,4,0,0,15,22,0,0,21,0,0,3,0,0,0,0,66,28,0,2,31,4,0,0,5,0,0,9,0,0,19,0,20,0,0,0,0,0,3,0,0,0,0,0,8,5,14,0,39,0,0,17,0,0,0,23,0,0,32,0,0,0,13,4,2,0,12,0,0,0,9,0,0,0,24,0,45,0,13,0,2,0,0,0,0,100,0,0,10,0,0,0,2,0,0,0,0,0,0,0,0,0,2,0,0,0,3,18,21,1,5,2,0,272,38,0,0,0,0,0,88,3,0,0,18,0,19,1,37,0,22,30,4,0,0,0,0,0,0,0,0
"26","MF0036","isoleucine degradation",20,0,105.333333333333,46,92.6666666666667,0,0,71.6666666666667,74.3333333333333,0,43.3333333333333,10,0,18,0,1512,106,87,26.6666666666667,9,112.333333333333,0,16.3333333333333,62.3333333333333,0,52,28,0,0,100.666666666667,10.3333333333333,0,68.3333333333333,0,0,0,135,0,0,144,0,211,0,0,0,70,179.666666666667,0,96.6666666666667,148.666666666667,0,0,58.6666666666667,0,88.3333333333333,18.3333333333333,37,0,0,73,125,256,0,94.6666666666667,104,0,0,74,0,0,267.333333333333,210.333333333333,0,61,94.3333333333333,0,93,0,100,55,0,0,67.6666666666667,198,69,0,0,60,0,103,10,104.333333333333,199,35,0,270,40.3333333333333,0,65.3333333333333,0,191.666666666667,1241,18,0,165.5,243.833333333333,110,40.6666666666667,42,29,0,0,0,0,26,30,0,21,87,62.3333333333333,10.3333333333333,170,169.333333333333,170.666666666667,522.333333333333,94.3333333333333,365,151,0,46.6666666666667,0,23,24.1666666666667,0,123,0,109,21.1666666666667,58,0,0,67,106,41.3333333333333,0,522,68.3333333333333,0,0,0,811.666666666667,0,0,0,134,0,160,66.6666666666667,0,0,89,57,413.666666666667,0,67,43,109.333333333333,0,36,0,0,32,9,0,72.6666666666667,95.3333333333333,55,0,0,73,154,0,228.666666666667,0,0,211,96.6666666666667,0,0,119.666666666667,0,0,0,44,1131,0,0,81.3333333333333,41,278,8,12.3333333333333,29,43,586,46.6666666666667,11,0,89,97.3333333333333,157.333333333333,0,70.3333333333333,17,52,40.6666666666667,111,17.3333333333333,0,23,0,14.3333333333333,0,0,46,0,51,0,0,81.6666666666667,16.6666666666667,0,61.6666666666667,0,41,100,0,38,0,110.333333333333,55,146.333333333333,160,60.3333333333333,73.3333333333333,199,0,50.3333333333333,0,38,15.6666666666667,28.3333333333333,0,0,138,0,0,13,180,88,154.333333333333,0,196.333333333333,29.6666666666667,11,365.333333333333,105.666666666667,36.3333333333333,83,0,328.333333333333,0,50.3333333333333,18,28.3333333333333
"27","MF0035","glycine degradation",65,389,367,664,317,1212,572,291,355,1609,278,35,369,110,840,6290,321,370,115,26,543,934,54,487,1971,1569,741,67,156,1596,41,216,780,587,940,645,1023,647,46,502,1060,909,96,246,4,304,905,227,483,1077,397,1950,389,23,465,55,299,104,591,480,391,2330,280,443,1001,658,1135,156,805,452,1188,736,51,203,456,27,786,59,983,175,108,705,583,1840,222,304,254,206,572,741,71,396,672,219,139,810,275,45,210,264,801,6338,133,915,1177,1375,802,281,441,344,115,246,74,77,297,944,1219,92,711,192,76,568,732,533,1567,440,1611,1543,95,429,592,36,416,959,369,307,567,83,258,248,1887,444,781,393,45,2774,549,18,1338,52,2435,690,102,181,402,93,681,200,78,122,267,171,1835,826,341,1140,328,2990,117,47,84,155,80,1975,328,332,705,1335,42,376,857,80,938,192,227,424,668,26,1029,474,106,170,489,68,1671,231,873,433,123,1402,4,216,158,483,742,227,83,158,416,1441,517,757,301,388,828,318,735,119,761,111,2588,92,742,1029,332,124,301,308,195,356,70,774,362,252,196,341,78,158,835,555,165,439,706,184,388,1193,333,185,579,823,58,183,164,137,766,77,73,236,754,639,737,38,785,113,57,1134,471,410,249,503,1346,107,650,857,560
"28","MF0079","lactate consumption I",0,0,0,6,3,0,2,0,1,3,0,0,0,5,0,68,43,0,0,0,8,0,2,1,0,0,1,2,0,5,2,0,4,0,0,0,4,0,2,6,0,9,0,1,0,0,0,0,9,26,0,0,2,0,2,1,4,0,0,1,2,8,0,0,4,0,0,19,0,0,70,6,0,4,6,1,0,0,55,2,2,0,4,13,2,0,0,3,0,0,1,7,103,5,0,0,0,0,4,0,3,41,2,0,129,2,2,0,4,2,0,0,0,0,0,0,2,6,4,0,2,2,45,0,2,3,0,0,0,4,3,3,5,0,18,0,0,9,8,2,0,4,65,9,0,6,4,0,0,0,250,0,0,0,3,0,97,1,2,0,2,0,12,0,0,1,4,0,0,0,0,0,0,0,2,18,0,0,0,0,2,0,4,0,0,96,2,0,0,0,0,0,2,2,484,0,0,2,22,14,5,2,0,0,391,1,2,0,7,0,5,0,2,0,39,6,15,2,0,8,1,4,0,0,28,2,2,0,0,2,2,2,3,2,1,0,2,2,0,2,21,0,1,21,0,7,0,1,0,2,0,4,0,0,14,0,0,0,2,0,0,0,0,6,1,78,0,1,1,1,1,0,14,0,4
"29","MF0076","4-aminobutyrate degradation",0,0,0,0,0,0,0,0,0,0,0,0,0,0,0,0,0,0,0,0,0,0,0,0,0,0,0,0,0,0,0,0,0,0,0,0,0,0,0,0,0,0,0,0,0,0,0,0,0,0,0,0,0,0,0,0,0,0,0,0,0,0,0,0,0,0,0,0,0,0,0,0,0,0,0,0,0,0,0,0,0,0,0,0,0,0,0,0,0,0,0,0,0,0,0,0,0,0,0,0,0,0,0,0,0,0,0,0,0,2,0,0,0,0,0,0,0,0,0,0,0,0,0,0,0,0,0,0,0,0,0,0,0,0,0,0,0,0,0,0,0,0,0,0,0,0,0,0,0,0,0,0,0,0,0,0,0,0,0,0,0,0,0,0,0,0,0,0,0,0,0,0,0,0,0,0,0,0,0,0,0,0,0,0,0,0,0,0,0,0,0,0,0,0,0,0,0,0,0,0,0,0,0,0,0,0,0,0,0,0,0,0,0,0,0,0,0,0,0,0,0,0,0,0,0,0,0,0,0,0,0,0,0,0,0,0,0,0,0,0,0,0,0,0,0,0,0,0,0,0,0,0,0,0,0,0,0,0,0,0,0,0,0,0,0,0,0,0,0,0,0,0,0,0,0
"30","MF0077","formate conversion",0.666666666666667,0,30,0,0,0,28.3333333333333,1.33333333333333,1.33333333333333,0.666666666666667,0,0.666666666666667,0,0.666666666666667,1.66666666666667,2,0.333333333333333,0,11.6666666666667,0,23,17,2,41.3333333333333,0.333333333333333,0.666666666666667,16,5.66666666666667,2.66666666666667,5,0,5,0.666666666666667,3.33333333333333,8.66666666666667,26.3333333333333,54,23.3333333333333,4.66666666666667,2.33333333333333,0,23.6666666666667,0,1,0,0,38.3333333333333,0.333333333333333,0.666666666666667,12.6666666666667,0.333333333333333,4.33333333333333,32,0,33,0.666666666666667,1,0,9.33333333333333,22.3333333333333,1.33333333333333,3.33333333333333,1.66666666666667,6.33333333333333,50.3333333333333,2.66666666666667,2.33333333333333,0,3,2.33333333333333,44.3333333333333,1.33333333333333,0,3,16.3333333333333,8.33333333333333,0,1.66666666666667,4,28.3333333333333,9.66666666666667,22.3333333333333,37,0,21.6666666666667,0.333333333333333,0,0,0,3,0.666666666666667,27,8,0,17.6666666666667,0.333333333333333,14,0.666666666666667,16.3333333333333,3.33333333333333,40.6666666666667,16,8.33333333333333,5,72.6666666666667,18.6666666666667,0,2.66666666666667,0,6.33333333333333,0,0,0,0,0,0,7,2,1.33333333333333,0.666666666666667,0,0,0,0,2.33333333333333,1,27,33.6666666666667,0.666666666666667,15.6666666666667,31.6666666666667,0,24.6666666666667,0,1.66666666666667,6,59,0,31.6666666666667,2,1.33333333333333,0,0.333333333333333,1.33333333333333,1.33333333333333,21.3333333333333,16,5.66666666666667,1,0,65,0.666666666666667,0.666666666666667,0,27.6666666666667,1.66666666666667,16.3333333333333,23.6666666666667,0,9.33333333333333,1.33333333333333,14.6666666666667,1.33333333333333,1,29.3333333333333,21,2,10.6666666666667,0,0,0.666666666666667,0.333333333333333,5.33333333333333,12.3333333333333,12,0.333333333333333,2,0,4,0,0.333333333333333,0,2,2.33333333333333,0.666666666666667,16.6666666666667,0.666666666666667,0,0.666666666666667,0,11,5,0.666666666666667,0.333333333333333,8.66666666666667,0,0,1.33333333333333,2.66666666666667,1.66666666666667,0,2.33333333333333,6.33333333333333,0,36.6666666666667,0,0.333333333333333,1.33333333333333,0.333333333333333,12,47,4,26,0.333333333333333,24.6666666666667,14,2.66666666666667,0,0.666666666666667,0,0.333333333333333,0.666666666666667,0,19.3333333333333,2.33333333333333,7.33333333333333,5,18,0.666666666666667,23.6666666666667,0.666666666666667,0.666666666666667,15,0.666666666666667,3.33333333333333,1,0.333333333333333,12.6666666666667,2,3.33333333333333,1.66666666666667,0.333333333333333,38.6666666666667,4.33333333333333,0.666666666666667,2,10,0,27.6666666666667,0.666666666666667,5.33333333333333,0,0.666666666666667,0,0.666666666666667,0,4.66666666666667,1.66666666666667,74,0.333333333333333,5.66666666666667,0,81.6666666666667,1,0,0.666666666666667,0,7.66666666666667,15,0.333333333333333,127.666666666667,0,55,0,2
"31","MF0029","aspartate degradation II",60,354,406,458,442,1413,702,348,428,737,421,46,421,103,546,4811,302,390,55,67,505,492,54,258,2120,1078,576,165,333,594,191,377,264,767,723,412,749,389,70,382,898,1373,56,595,4,276,847,159,432,733,294,1331,227,39,535,58,688,45,405,658,422,1899,340,279,801,524,718,260,497,434,1954,652,322,300,299,33,709,75,1210,196,235,623,660,1679,145,213,183,211,406,606,55,324,1010,160,54,1470,313,88,182,346,611,6719,77,660,503,170,708,244,267,146,107,435,58,88,373,592,1311,149,287,757,53,390,672,493,1651,317,1678,1105,31,240,859,209,205,825,688,251,374,87,237,276,1272,279,429,267,59,3295,248,35,865,72,3620,873,86,124,441,77,435,380,109,100,966,232,2758,468,320,708,455,777,105,19,127,176,63,1988,529,309,350,1802,77,396,932,69,1041,111,533,560,258,51,1520,445,134,239,1311,101,1471,148,741,381,138,1331,129,79,101,289,1022,157,48,218,247,624,454,577,308,203,219,244,618,85,408,122,2248,65,521,359,145,204,556,156,196,819,59,924,211,338,215,261,187,111,925,427,140,1070,551,174,233,719,134,373,758,442,95,75,74,117,1058,175,34,152,527,396,292,72,615,172,54,859,270,351,426,537,1744,174,252,577,213
"32","MF0041","valine degradation I",12,0,56.6666666666667,113.666666666667,47.8333333333333,0,0,37.3333333333333,39.6666666666667,0,28.1666666666667,6,0,19.3333333333333,0,817.5,106,45.5,15.8333333333333,7.5,63.6666666666667,0,10.1666666666667,32.1666666666667,0,250.5,119.333333333333,0,0,61.8333333333333,6.16666666666667,0,35.6666666666667,0,0,0,71,0,0,90.6666666666667,0,152.166666666667,0,0,0,51.1666666666667,90.8333333333333,0,54.3333333333333,104.833333333333,0,0,35.3333333333333,0,45.1666666666667,10.1666666666667,52.5,0,0,42.5,76.6666666666667,332.666666666667,0,47.8333333333333,55.5,0,0,43,0,0,184.166666666667,109.166666666667,0,31.5,52.6666666666667,0,70.1666666666667,0,100,30.5,0,0,37.8333333333333,226.666666666667,35.5,0,0,35.8333333333333,0,114.666666666667,10.1666666666667,62.1666666666667,199,49.6666666666667,0,136,22.6666666666667,0,34.6666666666667,0,107.333333333333,635,17,0,158,0,135.333333333333,21.3333333333333,52.8333333333333,20.5,0,0,0,0,46.5,161.833333333333,0,19.1666666666667,49,34.6666666666667,9.16666666666667,86.5,121.666666666667,85.8333333333333,262.166666666667,48.1666666666667,342.833333333333,187.166666666667,0,28.8333333333333,0,15,8,0,86,0,55,19,31.5,0,0,108.666666666667,106,8,0,288,35.1666666666667,0,0,0,698.333333333333,0,0,0,72.5,0,160,35.3333333333333,0,0,46,29,220.833333333333,0,35,159.333333333333,56.1666666666667,0,20,0,0,17,7.66666666666667,0,42.3333333333333,59.1666666666667,28.5,0,0,61.5,115,0,116.333333333333,0,0,211,0,0,0,61.3333333333333,0,0,0,22.5,1275,0,0,47.6666666666667,37.5,249.166666666667,8,11.6666666666667,20.5,22.5,586,25.3333333333333,6.5,0,50,52.6666666666667,112.666666666667,0,37.6666666666667,21.6666666666667,52,24.8333333333333,67,12.6666666666667,0,23,0,12.1666666666667,0,0,33.5,0,41.8333333333333,0,0,49.3333333333333,9.33333333333333,0,38.8333333333333,0,22.5,51,0,20,0,57.1666666666667,39,74.1666666666667,94.8333333333333,39.6666666666667,39.6666666666667,112.166666666667,0,27.1666666666667,0,35.8333333333333,9.33333333333333,15.1666666666667,0,0,114.333333333333,0,0,9,105,78.5,82.1666666666667,0,114.166666666667,20.3333333333333,6,238.666666666667,53.8333333333333,20.1666666666667,45.5,0,169.166666666667,0,45.6666666666667,129.666666666667,17.6666666666667
"33","MF0085","urea degradation",1,45.5,11.75,17,11.25,12.5,34.5,3.75,116.75,256,17.5,12,1,1,400.5,172.5,58,5.25,1.75,14.5,38.5,84.5,0.5,58.5,20.25,85,13.25,6.25,4.5,5.75,6,12.5,57.5,49,18,57.75,71.75,208.5,97,14.5,15.75,13.5,3.25,68,1.25,9.25,35.75,31,60,88,20.75,83.5,6.75,7.5,24,0.75,1.25,103.5,22.25,53.75,155,338.75,6,7.25,79,129.75,46.5,60,402,20.75,50.25,322,21,13,11.75,3,20.5,2,21.25,16.75,4.5,23,96,110,9,25.75,23.75,38.5,50.25,34.5,14,5.5,16,42.25,13.25,91.5,26.25,114,10,14,36.5,507,15.75,94.25,43,13.25,29.5,14.75,28.5,52,7.75,138,1,17.75,22.25,23.75,35.25,6,85.75,32.5,7.75,123.5,73.5,28,75,166.25,127.5,65,8.25,8.25,17.25,4,8,182.5,40.75,7.75,17,2,1.25,122.75,85.5,86.5,139,7.5,8.5,0.75,32.5,3,71.75,1,121,21.25,2.25,35.75,34.75,24.75,17,12.75,7.5,19.75,546.5,4,109.5,13,5.5,26.75,62.5,54,8.5,3.25,8,161.5,2.25,22.25,4,20,4.5,9,2.5,5.75,8,43.5,12,55,336.5,24.25,37.75,51,12.5,5.5,8.5,150,45,17.5,113,17,107,143.75,13.25,43.25,2,9,14.25,28.75,51.75,88.5,4.25,14,132.25,179.5,52.75,18.5,7,8.25,21.25,7.5,168.75,24,29.75,9.5,419.5,1.25,123,29,59.75,130.5,9.5,4.75,5.5,243.5,16.5,11.25,6.75,147.5,108,126,17.5,3.75,13.25,22.25,38.5,59.5,30,45.5,29.5,60.75,10,26.5,14.75,33.5,13.5,19.5,8.25,1.5,62.5,11.5,10.5,16.5,17.5,17,287.25,23.25,49,2.5,5,462.25,44.5,76,145,105,96.25,135,21,24.5,8
"34","MF0086","acetyl-CoA to acetate",146.5,573.5,1046.5,573.5,725,1289,964.5,677,920.5,1305.5,297,73.5,348,96,2710.5,7735,664.5,551.5,424,72,1009.5,1037.5,335.5,841,2294.5,1613.5,750.5,229,217.5,3043,151.5,658,1031,718.5,940,952.5,1133,821.5,276,619.5,1086.5,1322,111,762,47.5,372,972,303.5,1105.5,2259,575,2071.5,741.5,60.5,905.5,76,327.5,159.5,826,799,811,2946.5,350.5,889.5,1343,863,836.5,737,1516.5,574.5,1525,2782.5,188.5,335.5,840.5,127,716.5,135,1100,469.5,198,958,1244,1734.5,567,372,210.5,361.5,689.5,889.5,116,690,777.5,252,192.5,2309,344,341.5,414.5,309,1481,12197,159,968,1153.5,3017,931,1329.5,493.5,1006.5,237,1028.5,130,102.5,387.5,1010.5,1402,138.5,825,771,76,898.5,1676.5,812.5,3172,1279.5,2493,2080,121,594.5,1050.5,328,585,1385,624,437.5,1162.5,183,643,682,1916.5,303,1387.5,647,86.5,3121,667.5,52,1566.5,126,2923.5,1202,172,371.5,1383,300.5,910.5,818.5,232.5,308,1219,481.5,3696,1023.5,609,1020,991,3512.5,334,61,124,1096.5,137,2147.5,448,557,755.5,1312.5,168.5,411.5,886.5,306,1488.5,546.5,720.5,717.5,631,166,1157.5,630,261,930.5,1402.5,226,2912.5,317,1355,921,258,1357,94.5,164.5,196.5,333,1158.5,709.5,171.5,306,1576,1330,1397,686.5,483,320,2639.5,335,1505,274.5,749,91.5,3355,216,877,1103.5,566.5,505,477,863,698,1315,129,1160.5,664.5,353.5,1069,1062.5,190,437.5,1447.5,1244,246,1322,1286.5,584,558,1550.5,411,273,1205.5,780,148,241,142.5,159.5,1340,147,105.5,279,1476.5,694,1738.5,131.5,2045,294.5,93,2942.5,938.5,532.5,1542,777,2458.5,323.5,1425.5,781.5,996.5
"35","MF0040","proline degradation",0,0,0,0,0,0,0,0,0,0,0,0,0,0,0,1,0,0,0,0,0,0,0,0,0,0,0,0,0,0,0,0,0,0,0,0,0,0,0,0,0,0,0,0,0,0,0,0,0,0,0,0,0,0,0,0,0,0,0,0,0,0,0,0,0,0,0,0,0,0,0,0,0,0,0,0,0,0,0,0,0,0,0,0,0,0,0,0,0,0,0,0,0,0,0,0,0,0,0,0,0,0,0,0,0,0,0,0,0,0,0,0,0,0,0,0,0,0,0,0,0,0,0,0,0,0,0,0,0,0,0,0,0,0,0,0,0,0,0,0,0,0,0,0,0,0,0,0,0,0,0,0,0,0,0,0,0,0,0,0,0,0,0,0,0,0,0,0,0,0,0,0,0,0,0,0,0,0,0,0,0,0,0,0,0,0,0,0,0,0,0,0,0,0,0,0,0,0,0,0,0,0,0,0,0,0,0,0,0,0,0,0,0,0,0,0,0,0,0,0,0,0,0,0,0,0,0,0,0,0,0,0,0,0,0,0,0,0,0,0,0,0,0,0,0,0,0,0,0,0,0,0,0,0,0,0,0,0,0,0,0,0,0,0,0,0,0,0,0.5,0,0,0,0,0,0
"36","MF0080","lactate consumption II",0,0,0,0,0,0,0,0,0,0,0,0,0,0,0,0,5,0,0,0,0,0,0,0,0,0,0,0,0,0,0,0,0,0,0,0,0,0,0,0,0,0,0,0,0,0,0,0,0,0,0,0,0,0,0,0,0,0,0,0,0,0,0,0,0,0,0,0,0,0,0,0,0,0,0,0,0,0,0,0,0,0,0,0,0,0,0,0,0,0,0,0,0,0,0,0,0,0,0,0,0,0,0,0,101,0,0,0,0,0,0,0,0,0,0,0,0,0,0,0,0,0,0,0,0,0,0,0,0,0,0,0,9.5,0,0,0,0,0,0,0,0,0,0,0,0,0,0,0,0,0,0,0,0,0,0,0,0,0,0,0,0,0,0,0,0,0,0,0,0,0,0,0,0,0,0,0,0,0,0,0,0,0,0,0,0,0,0,0,0,0,0,0,0,0,0,0,0,0,0,0,0,0,0,0,0,0,0,0,0,0,0,0,0,0,0,0,0,0,0,0,0,0,0,0,0,0,0,0,0,0,0,0,0,0,0,0,0,0,0,0,0,0,0,0,0,0,0,0,0,0,0,0,0,0,0,0,0,0,0,0,0,0,0,0,0,0,0,0,0,0,0,0,0,0,0
"37","MF0005","starch degradation",114.5,250,449,665,1088.5,797,719,467.5,840,1081,438.5,17,264,130.5,695,3179,439.5,257,49,18,333,819,205.5,277,1044,714,906,349,144,548,63,686,709,750,128,618,432,632,144,465,1095,1694,89,867.5,110,286,403,237,493,827,616,1236,125,32.5,550,87,392.5,41,489,390,814,2896,248,199,558,730,713,421,803,529,569,1993,254,332.5,213,20,843.5,144,764.5,103,112,331,642,1282,100,249,244,287,390,645,89,200,430,154,71,1864,196,45,57,221,598,7630,64,932,294,290,646,789,397,182,115,386,142,71,613,251,1102,51,845,707,35,507,752,757,2654,1287.5,1159,596,188,155,592,178.5,207,553,307,178,442,113.5,111,478,617,631,709,359,32,2951,281,18,526,108,1500,1123,53,306.5,764,140,274,388,163.5,101,768,475,2462,373,70,1414.5,240,601,404,48.5,89,152,47,1758.5,186,289,188,1042,170,1283.5,1282,40,1611,288,382,159,669,110,706,1568.5,231,108,1688.5,88,1085,134,741,759,62,1131,109.5,165.5,78,597,198,342,135.5,85,686,482,547,89,119,570,345,177,1369,167,151,41,1513,130.5,507,529,554,261,178,148,466.5,729,78,434,145,148,277,246,283,91,803,893,110,1174,729,515.5,291,754,604,96,769,582.5,67,175,156,48,2503,160,36,177.5,432,411,2204.5,127.5,688,164,19,1474,762,313,467,858.5,1152,196,197,291,210
"38","MF0049","threonine degradation I",83,291.5,648,553.5,667.5,990,1041.5,290.5,564,1214.5,162,56,250.5,76.5,1971,6584.5,493,372.5,232,29.5,974.5,1043,177.5,640.5,1944.5,874.5,926,300.5,101.5,2631,71,551,647,746.5,845,707,1086,675,270.5,601.5,1704,1529,104.5,338.5,83,382.5,783,294.5,741,1124,534,2135.5,639.5,12.5,622.5,128,235,125.5,613.5,591.5,781.5,3217.5,253,376.5,1127,869.5,888,722,1502.5,518,998,2710,193,152,476,100.5,448,175,1649,359,113,829,1020,1263.5,281,246.5,178.5,385,621.5,759.5,122.5,496,630.5,222,171,2016,265.5,184.5,358,306.5,1256,7807.5,116.5,793.5,1491,3080.5,821,636.5,410.5,738.5,136.5,784,85.5,77.5,193,659,1063,101.5,717,696.5,76,938.5,1208.5,968,3000.5,1169,1368.5,1654.5,78.5,462,634.5,152,348.5,922.5,862,375.5,904,86.5,439.5,807,1015.5,206.5,1567,341.5,34.5,2292,443.5,41.5,953.5,48.5,2954,1040,125.5,316,1363,243,778,523,145,172,691.5,688,2521,737.5,591,1145.5,962,2447,403,36,111,852.5,70.5,1660.5,253,321.5,558.5,776.5,254,463,1069,212,1573.5,383.5,620.5,794.5,472,117,669.5,823.5,248,343.5,766,124.5,3955.5,146.5,1201,674.5,215.5,1175.5,53,155,161.5,361,1627.5,739.5,106,182,1110.5,1016,1756.5,509.5,368.5,334,3368,252,1002.5,232.5,512.5,123,2486,102.5,755,1337,516,547,258.5,448.5,161.5,1349.5,116.5,680,346.5,199.5,810.5,1018,145,315.5,1130.5,781.5,226,915,1327.5,523.5,543.5,1536.5,424,359,1310.5,781.5,122.5,141.5,190.5,99.5,1615.5,145.5,81.5,178.5,1259.5,473,2249,118,1798.5,151,63,2893.5,727.5,363.5,708,520,1961.5,155.5,1127,419,1040
"39","MF0006","lactose degradation",434,777,3441,10101,4799,5474,2810,1736,1653,3836,1395,273,2267,759,3284,10987,609,1112,286,99,1925,9121,300,2272,7737,5294,5817,755,369,4773,233,966,3606,2061,2533,4242,3906,2637,577,6256,16038,3298,1414,2267,178,3144,2903,1016,2181,3579,1441,6160,1242,156,1958,277,1003,826,2204,2924,3736,25243,1338,1768,4366,2214,10935,2043,3723,2402,3022,5384,250,463,1321,212,4066,335,5992,852,632,3566,1994,3039,731,4791,1429,1945,2072,6407,560,1094,1964,688,1075,7351,1502,842,1059,1164,5062,17224,590,4261,5146,5114,7605,1281,3459,1086,477,2215,355,347,3180,2007,4005,324,2699,1095,471,1965,3583,11837,10766,2998,6329,6435,733,1349,2672,227,1290,1811,2433,1970,5020,472,963,2033,6072,851,2673,1350,213,8034,2376,148,3724,472,7479,5440,238,594,3772,676,4831,1262,718,410,2252,1058,4582,2508,1147,8384,2731,7335,798,143,424,1659,144,7870,1503,1777,2350,4701,356,7315,14084,294,15170,1261,1696,1039,5080,324,4464,7544,589,1776,4228,337,4860,969,4456,2029,426,13923,48,839,519,2932,2167,2480,285,735,2277,3560,5854,1939,860,3179,6696,1418,3204,528,1822,541,4217,272,2051,6908,1558,991,1751,987,1152,2221,806,3736,1962,570,1786,2213,544,815,2442,2460,1582,4005,5614,1403,1516,4052,3566,1072,3378,2032,450,1345,815,519,4549,680,232,513,6168,2419,4901,306,6159,689,431,6599,2554,1428,2830,3096,6345,414,2511,1941,1883
"40","MF0047","glutamine degradation II",506,1612.5,2812,1301.5,1309.5,2741,1612,1369,1413,4525,636.5,242.5,577,307.5,6339,11927.5,2032,1382.5,1209.5,217,2714.5,3126,407.5,1400,4845.5,1619,2181,245,597,6124,433.5,1432,1517.5,1490.5,2135,1883,2943.5,3111.5,1029.5,1509.5,1906,1655,257.5,1569,68.5,719.5,2836.5,848.5,2522.5,6854.5,1800,5277,1251.5,190.5,2284,135.5,392,667,1963.5,1871,1902,7287,739,1621,3194,2015,2176,1345.5,3831,1294,1951.5,4680,1167.5,750.5,1889,367.5,1026.5,263.5,1418.5,1137.5,457.5,2558.5,4102.5,2468.5,1881.5,806,430,809.5,1637,1608.5,199,1466,991,558,431,3507,878.5,1456.5,1477,622,2707.5,25948.5,258.5,2012,2637,6327.5,1831.5,2781.5,1090,2691,422.5,4157.5,373,255,646.5,1315,3024,209,1786.5,1360.5,239.5,2749.5,3339.5,1526,5088.5,2187,4714,4901.5,267.5,1496,1980,348.5,1502.5,3808,2166,694,4836.5,523.5,954,2441.5,1925.5,1329.5,4779,1306,184.5,4552,1011.5,107,1988.5,304.5,3832,1449,489.5,707.5,2777,720.5,1344,3993,1206,552,4122.5,1141,3322.5,2561,1217,3711.5,4502.5,8028.5,705,154,337,2744,212,4503.5,1104,1946.5,1107,2169,530,1026,1943.5,524.5,2995.5,1440,3639.5,1089,1121.5,540.5,2098.5,1274,646,2890,1968,655,6545,335,3798,1892.5,358.5,2612,272.5,351,356.5,790,2214,1841,367,757,2191,2990.5,3339,1502,986.5,714,6321.5,826.5,2662.5,625.5,1074,364,5883,560.5,2521.5,3138,1232.5,1907,875,1916,1511.5,5259,325.5,1753.5,2054.5,1310.5,2882.5,1743.5,469,1002.5,3704.5,3306,826,2180,2290.5,2870,1096,3900.5,1041.5,1211,2637,1798,390,445.5,428.5,363,2427,323.5,289.5,593.5,2711.5,1099,3142.5,287,4375.5,733.5,243,10065.5,1497,1406,4003.5,2113,6525,1283,4614.5,719.5,1889.5
"41","MF0048","serine degradation",74,291,382,250,293,765,623,286,359,1443,132,42,142,62,783,4963,448,273,309,36,655,570,86,1176,1405,1061,444,129,83,1376,40,236,510,149,879,455,498,705,101,280,1034,818,35,350,11,226,500,131,338,640,329,939,280,19,364,67,234,87,422,439,310,2101,224,836,633,402,265,388,272,237,844,925,66,167,652,35,530,72,1014,193,127,422,667,981,538,242,82,160,381,403,48,296,552,231,405,1399,170,71,194,225,816,4336,296,320,1730,1115,397,508,395,423,138,534,76,58,107,659,540,55,334,188,55,448,537,505,1569,396,1146,814,65,379,690,58,339,667,655,207,541,85,241,319,1237,392,367,192,39,1358,498,28,810,107,2236,604,55,133,492,187,1499,236,65,155,236,238,1749,434,228,760,451,1742,173,25,87,318,45,973,298,268,543,638,65,268,710,84,733,256,304,444,264,60,657,435,153,218,803,57,2268,178,715,403,135,845,2,93,214,139,1077,124,116,156,561,703,696,597,206,138,988,326,694,110,418,99,1939,141,755,316,253,210,219,501,509,584,103,938,947,181,233,508,92,303,728,568,149,814,873,263,319,770,85,195,672,248,93,118,45,96,830,82,134,100,1105,201,839,40,964,134,45,1481,494,244,387,549,1539,83,1019,382,531
"42","MF0001","arabinoxylan degradation",32,99,349,1542,576,146,295,169,440,622,144,35,96,60,1107,1185,84,82,111,14,327,1850,50,321,283,156,984,199,9,1146,33,232,472,310,146,433,104,434,233,974,2009,569,200,220,67,326,70,154,175,217,128,599,104,17,227,63,15,136,174,139,413,4379,110,134,207,494,1577,306,938,238,106,1072,55,69,126,29,259,49,125,106,6,480,215,275,72,657,141,164,214,768,74,83,35,79,59,1013,54,207,70,64,508,2612,71,460,205,1199,1057,143,557,347,52,403,18,22,370,90,393,7,559,66,9,269,240,1656,1726,454,307,905,135,139,221,38,224,324,413,181,832,41,66,384,121,177,511,90,14,507,219,11,171,33,269,490,33,106,480,107,99,213,83,68,688,281,863,501,144,1320,372,802,217,23,27,412,24,941,75,176,187,189,118,1159,2210,102,2395,225,564,51,794,119,238,1090,86,256,358,52,539,15,562,436,49,1839,19,123,80,377,66,543,18,82,410,418,546,61,59,513,1601,130,1125,71,104,34,911,23,333,1320,381,321,101,57,134,754,131,188,60,185,258,507,111,49,352,203,227,412,326,191,85,281,801,119,404,200,61,245,126,16,443,63,49,27,605,354,646,71,504,55,140,1037,272,171,428,351,315,167,403,38,449
"43","MF0045","cysteine degradation II",0,0,0,0,0,0,0,0,337.5,0,563.5,0,0,0,0,5028,945,0,0,0,371.5,0,0,0,0,0,0,96,0,1349.5,0,0,555.5,0,0,0,0,0,0,0,0,770,0,811.5,0,278,0,0,491.5,903.5,0,0,0,0,0,0,0,0,0,0,0,2335,0,558,0,0,0,276.5,0,0,803.5,684,0,172,428,0,0,68,611,181.5,0,0,0,1294.5,0,0,0,201,0,0,0,0,386.5,0,0,0,234.5,0,0,0,664,4691.5,0,0,779,0,0,572.5,0,0,0,0,0,0,0,0,0,68,403,0,0,0,533.5,351.5,0,0,0,0,0,0,654,51.5,305,0,179,0,0,65,328,0,0,0,1160.5,0,0,2632.5,417.5,0,0,0,1566,0,0,0,371.5,0,631.5,0,0,0,0,0,1934,0,339,0,854,2377.5,0,0,156,0,0,0,289,328,0,0,0,0,0,0,0,0,0,191,0,0,0,0,0,692,0,0,947,0,0,0,64,1034.5,0,121,0,336.5,437,0,0,0,0,0,515.5,0,259.5,0,571,268,613.5,0,0,84.5,1951.5,0,0,0,210.5,0,466,322,0,0,89.5,0,430,0,623,0,0,189,0,0,276,0,554,363,327,0,0,0,0,0,0,0,0,0,645.5,0,0,0,708.5,0,492.5,0,792,124,0,1063,0,0,695.5,0,1270,0,0,0,509.5
"44","MF0002","fructan degradation",140,263,632,329,410,376,316,430,486,1747,154,13,66,52,469,2311,367,268,103,55,892,993,96,264,814,405,482,65,63,1274,46,324,551,57,561,548,722,488,148,285,646,552,49,341,19,103,776,241,313,1457,205,806,118,23,428,52,54,26,503,638,512,2466,136,103,954,589,442,581,484,374,253,1341,64,273,122,121,240,74,114,189,36,330,1960,507,98,252,166,240,539,242,70,167,182,219,43,1600,238,57,299,103,570,5214,45,625,701,1239,296,361,269,672,59,1233,33,57,141,372,375,30,409,145,24,1051,592,640,1691,655,995,662,67,544,216,126,508,818,377,162,1329,173,97,1009,620,197,743,191,38,1034,289,19,428,56,608,532,53,120,647,364,84,1673,391,140,305,282,736,329,131,647,1613,1270,144,11,78,396,18,763,185,522,154,533,180,372,649,51,937,310,446,156,320,66,303,371,103,230,796,127,1154,95,1246,598,85,599,68,68,80,178,256,293,40,118,810,541,756,434,121,148,1692,163,708,200,217,25,1197,201,659,522,354,362,151,184,841,842,90,517,163,181,284,499,102,83,566,347,200,649,357,948,210,725,204,146,816,72,113,127,59,50,336,53,23,54,839,89,915,78,703,232,20,3967,381,330,820,426,2341,184,1696,175,358
"45","MF0046","glutamine degradation I",127,383,568,774,467,1227,659,507,588,702,282,74,480,177,1035,6961,627,376,166,28,511,1213,94,965,2149,1671,1094,138,241,1688,77,183,1136,656,1022,721,1153,1056,97,736,1373,1023,126,1102,14,466,852,201,750,1281,420,2190,372,48,513,45,492,146,669,677,526,3774,367,658,1073,667,1391,222,977,505,1383,952,99,303,640,29,924,78,986,206,174,932,621,1864,306,346,223,270,467,1044,131,404,578,164,323,2184,352,172,208,299,768,7468,223,861,1697,1463,1111,472,672,408,140,471,87,64,389,996,1478,128,720,190,111,441,907,823,3619,572,1406,1825,121,482,711,78,462,999,452,324,750,115,269,288,1689,147,921,482,66,3413,605,37,1257,67,2290,1222,119,196,521,72,1143,314,118,171,779,179,2668,1043,320,1356,456,3442,154,38,93,445,91,2290,370,602,687,1135,64,615,1402,121,1279,243,435,352,987,39,1170,692,155,294,1706,90,1707,270,964,475,115,1641,4,236,272,548,847,351,98,159,569,1244,745,728,310,416,800,365,927,159,784,118,2737,109,534,1375,334,238,195,421,276,808,113,905,531,237,523,371,258,293,766,674,211,2116,855,211,502,1765,459,201,738,962,72,208,200,125,769,245,145,250,943,619,980,98,851,244,68,950,599,626,724,571,1920,155,641,733,528
"46","MF0087","acetyl-CoA to crotonyl-CoA",4,0,8,6,3,0,0,3,5,0,13,2,0,2,0,123,106,4,5,6,15,0,4,2,0,5,2,0,0,23,2,0,3,0,0,0,7,0,0,14,0,23,0,0,0,6,2,0,12,61,0,0,12,0,2,2,6,0,0,12,10,25,0,1,7,0,0,12,0,0,101,8,0,2,11,0,4,0,100,6,0,0,8,20,2,7,0,3,0,2,4,20,199,6,0,2,5,0,4,0,23,29,16,0,158,493,6,2,5,12,0,0,0,0,2,9,0,14,11,7,8,3,74,1,2,2,5,2,0,11,0,7,3,0,49,58,1,19,5,0,23.5,2,106,8,0,36,2,0,23.5,0,585,0,0,0,11,0,160,4,0,0,3,1,28,0,3,4,3,0,4,0,0,2,2,0,12,23,2,0,0,2,2,0,4,0,0,211,45.5,0,0,3,0,0,0,1,1419,14,0,14,34,31,8,11,4,2,586,4,2,0,11,8,68,0,5,1,52,79,23,8,0,23,0,10,0,0,21,0,6,0,0,17,2,0,16,0,4,2,0,2,0,4,23,2,20,19,6,18,0,4,189,2,3,2,0,0,37,0,0,2,30,4,10,0,32,11,1,112,2,4,8,0,10,0,41,8,7
"47","MF0044","cysteine degradation I",31,54,183,249,222,424,238,107,155,281,102,39,66,56,369,2049,69,79,29,13,161,284,19,78,528,587,448,60,62,592,199,108,325,191,154,178,260,108,36,227,1255,406,49,208,0,100,237,48,160,248,326,249,145,10,166,16,224,105,59,228,151,1484,132,197,364,99,385,187,101,81,677,679,327,69,90,23,368,24,690,109,64,337,120,339,83,234,54,84,217,232,20,164,323,98,35,842,83,31,127,161,474,1306,33,156,424,562,296,286,269,80,71,189,27,22,141,201,395,76,237,181,107,132,247,611,1483,331,447,539,26,161,307,40,114,207,1152,149,237,21,107,184,572,85,185,89,11,726,195,18,325,33,1950,616,15,83,246,60,251,90,45,15,98,122,503,291,159,747,202,984,31,18,56,76,26,796,179,107,335,231,33,272,821,36,698,153,58,258,265,18,351,492,76,162,382,65,234,82,333,130,95,555,7,72,65,126,515,116,81,60,215,377,427,149,110,181,454,93,350,25,169,213,507,31,165,290,97,60,131,96,62,199,73,534,155,51,112,83,60,31,210,340,108,390,721,119,136,315,86,511,374,166,52,63,29,48,651,86,12,53,615,107,722,13,493,32,82,430,271,135,151,253,419,18,245,255,269
"48","MF0096","succinate production",196.5,430.75,580.5,327,294.25,663.75,997.5,397.25,213,793,234,72,242.5,128,737.5,4623.75,923.5,183,256.25,103,567.75,585.5,109.5,554,1217.5,1340.75,859.75,116.25,332.5,1567,63.75,1105.5,627,365.5,601,427.75,805,606.5,178,281,589,1014.5,60,671.5,125,190,723,135.25,554.5,774.25,306,1152.75,400,47,437.75,114.5,303,91,341.25,565.25,395.5,2395,287,1052,985,397,795.25,376,864.5,249.25,792.75,1530.5,384.5,49.5,682,64.25,676,258.75,442,316.5,151.75,921.5,569.75,1031.75,489.5,300,142.25,202.25,390,395.75,72,479,573.5,257.75,202,1733.5,182.25,52,452.25,197,654,3574,140,506,809,1332,469.75,474,478.75,386,101,470.5,48,121,159.5,862.25,1018.75,155.5,388,441.75,50,471.5,579.5,463,2535,560.5,759,1499,70.25,294.75,777.5,244.75,340.5,859,557,324,381,125.5,257,547.5,1470,743.25,994,248.5,51.75,1353.25,445.75,80.25,1081.5,143.25,1586.75,962.25,92,132,664,186.75,811,356.5,77.75,117.25,378.5,516.75,1267.5,803,297,1460,866.5,2651.5,357.5,33.25,67,494.5,165,1918.75,350.5,1034.75,542,480.25,455.25,229.75,510,80.75,677,237,416.5,319.5,590.75,79,531.5,313,173.75,227,897.75,99,1774,224.25,853,502.5,138.5,627.25,169,85.5,173.5,276.25,562.5,269,69.5,614.75,522.5,928.5,955.5,418.5,353,242.5,1018,250,710,102,677.75,86,1627.5,191,839,696.25,276,290.5,207,514.5,355,781.5,106,1224.5,711,488.75,310,386,206,296,578,507.5,166.5,1342,793.5,329.5,347.75,1175.5,237.75,253.5,3453.75,497.25,217.75,175.75,112.5,78.75,1285.5,165.75,97.5,316.5,803,284,1085,67.25,1049,199,81.5,1608.75,490.5,348.75,356,489,1534.25,163.75,546.25,650.75,650.5
"49","MF0097","homoacetogenesis",0,0,547,0,0,0,0,0,0,0,0,0,0,0,0,0,0,0,0,0,0,0,0,0,0,0,0,0,0,0,0,0,0,0,0,465.833333333333,0,0,0,0,0,0,0,0,0,0,0,0,0,0,0,0,0,0,0,0,0,0,0,0,0,0,0,0,0,0,0,0,0,0,0,0,0,0,0,0,0,0,0,0,0,0,0,0,0,0,155.333333333333,0,0,0,0,0,0,0,0,0,0,0,0,0,812.833333333333,0,0,622,0,0,0,0,0,0,0,0,0,0,0,0,0,0,0,0,0,0,0,0,0,0,0,0,0,0,0,0,0,0,0,313.833333333333,0,0,0,0,0,0,0,0,0,0,0,0,0,0,0,0,0,0,0,0,614,0,0,0,0,0,0,0,0,0,0,0,0,0,0,0,0,0,0,0,0,0,0,0,0,0,0,0,0,0,0,0,0,0,0,0,0,0,0,0,0,0,0,0,0,0,0,0,0,0,0,0,0,0,798.666666666667,0,0,0,0,0,0,0,0,0,0,0,0,0,0,0,0,0,0,0,0,0,379,0,0,0,0,162,0,0,0,0,782,0,0,0,0,0,0,0,0,0,0,0,0,0,0,0,809,0,0,0,1160.66666666667,0,0,0,0,0,0,0,0,0,0,0,0
"50","MF0050","threonine degradation II",57.5,230.5,572,513,301,960,727.5,294.5,447,1758.5,417,125.5,344,87,824.5,6896,1070,243,199,17.5,443.5,734.5,78.5,662.5,1685,1999.5,851.5,125,138.5,1673.5,41,182.5,1077.5,429.5,786.5,567,940,691.5,147,425.5,697.5,915.5,92,740.5,22,295.5,674,186,569.5,1066.5,334.5,1728,778,115.5,485.5,40.5,350,244.5,512,589.5,478,2969.5,286,1144.5,1027.5,577,949.5,283.5,749,401,933.5,684,175,175,778.5,41.5,966,50.5,532,236,184,762.5,514.5,1857,430,371.5,205.5,234,408,649,77.5,646.5,511,239.5,176.5,1507,277.5,258,356,425.5,747.5,5313.5,143,869.5,1139.5,1190.5,734,499,590,269,235,420,82.5,95,260.5,1197.5,1240.5,124,604,440,54.5,481.5,642.5,483.5,2468.5,440,1287,1590.5,110.5,417,903,25.5,469.5,1211,303,348,553.5,105.5,721.5,492.5,2334.5,526,996,367,35.5,2825.5,571,31,1639.5,57.5,2226.5,791.5,71.5,125.5,553,105,1206,345.5,89.5,135.5,1414.5,147,2431,1078,655,1277,671.5,3441.5,171.5,36,136.5,621.5,170.5,1884,417,324,797.5,891.5,35.5,332,782.5,109,733,259,730.5,281,799.5,90,955,331,203,746,1107,44.5,1400,320,928,406,102.5,1017,7,139,178,362,772,215,136,128,429.5,1419,704,556.5,470.5,307,772,465.5,919.5,125,905,60,2720.5,72.5,876,855.5,305.5,303,369,578,167,886.5,96.5,903.5,820.5,123,634.5,317,195,309.5,622,676.5,257.5,1439.5,715,339,429,1394,279.5,113,659.5,703.5,109,249,123.5,157.5,881.5,145,109,411.5,1028,488.5,545,59.5,1013.5,134.5,42.5,1209,563,539,707,1106,1727,85,644,1033,634
"51","MF0094","propionate production II",2,1,4,4,6,3,1,0,6,2,0,0,0,0,20,162,8,2,2,0,11,5,0,2,22,10,1,0,8,19,0,0,7,21,0,3,10,2,0,1,15,5,0,34,0,12,7,2,5,8,4,30,0,0,5,0,0,0,7,4,0,16,2,18,7,2,2,1,11,4,30,3,0,10,9,0,0,0,12,0,0,2,13,22,7,1,0,0,1,3,0,0,46,1,3,51,2,2,0,3,17,49,0,6,29,20,9,9,0,1,2,2,3,0,1,0,0,6,3,2,0,2,4,11,143,0,7,0,0,4,5,0,11,1,2,2,29,0,0,0,3,0,11,0,0,181,3,2,6,0,138,43,0,1,8,0,8,1,0,0,2,0,10,1,0,2,7,10,0,0,2,1,0,0,6,2,2,2,0,11,9,0,19,5,7,14,6,0,2,8,2,0,34,0,12,0,0,2,6,26,0,3,0,5,74,1,0,0,4,17,25,1,2,4,11,0,2,0,4,0,6,0,4,11,1,2,0,1,2,3,0,3,9,0,6,0,4,8,6,9,15,22,17,1,0,3,3,0,0,2,3,0,0,4,2,3,0,0,21,5,0,0,19,1,0,68,2,10,16,0,12,0,36,6,2
"52","MF0051","arginine degradation I",67.5,0,0,526,374.25,1214.25,592,0,530.5,1675.25,1050.5,149.5,413,98.75,817,6237.25,1639,349.5,188,0,434.25,599.75,68,0,1993,1278,0,0,0,1194.5,34,232,0,0,755.5,605.25,665.25,747,0,439.75,0,1077.25,0,1428.5,14,275.5,688,173,582.5,875.5,440,1419.5,0,0,582.75,40,355.5,419.5,534.75,537.5,477,2817.5,0,469.25,738.75,569,0,498.5,555.75,469.5,1162.5,947.75,41.25,0,437.25,0,867.5,46.75,770.5,167.5,0,923,612.75,1732.5,348.25,377,200.25,255.75,595.75,641,0,342.25,692.25,346.25,108.5,2554,216.5,389.25,180.25,805.5,746.25,6472.75,104.5,864.5,526.75,628.25,727.5,854.75,576.5,251.5,375.75,729,130.25,139.75,315.75,0,1455,133.75,543.5,724.5,19,628.75,634.75,0,4461.75,326.25,1348,1735.25,0,235.75,950.5,119.75,308.5,1517.25,158,0,493.5,107,252.75,831,0,370,1307.75,349.5,0,3819.75,421,37.75,0,109.25,2614.75,1842.5,184.75,164.5,570.75,261.75,600,452.5,122.5,0,2815.5,215.25,2884.75,759,326.25,1034.5,1299.75,1650,256.75,0,0,882.75,97.5,0,383.25,357.25,486.5,1421.75,55.25,0,1029.5,87.25,1156.25,463.5,0,392.5,0,0,1116,427,0,1104.5,2177,66.25,1736.5,0,1130.25,570.25,96.25,1234.75,3.25,91.75,0,356.75,961,268.25,209.5,152.75,246.25,668.25,560.5,529.75,307.75,0,511,0,940.5,0,0,46.75,2793.25,60.5,1218,485,353.75,0,710,321.75,0,1688.5,0,881.25,442.25,0,1009.5,365.25,0,157.75,933.75,1069.5,457.5,2751.5,790.5,649,291.25,1351,210.5,61,498.5,426,73,0,0,94,854.25,382.5,0,290.5,916.75,449.25,326.25,47,922.25,158.25,0,1371.25,496,389.5,1190.5,1747.5,1802.25,0,403.25,586.5,437.25
"53","MF0095","propionate production III",103.5,374,972,985.5,498.5,1831,886,435,553,1476.5,1221,201.5,733.5,181,1078.5,9275,1905.5,513,376,27,625.5,1392,119,974,3230,1875.5,1493.5,189.5,383,2247,51.5,279.5,724,801,1407,990,1251,969.5,352.5,912.5,1200,1434,186.5,1529.5,18.5,500.5,1198.5,360,947,1552.5,572,2842.5,535.5,199,816.5,60.5,485,500.5,799,883,754,4897,572,1218,1343.5,902,1720,521,1222.5,814,1547.5,1254,74,271,1101,59.5,1510,75,933,259,330,1745,854,2458,700,642,339.5,358,804,1137.5,111.5,574.5,731,324,221,2626.5,371,426,339,920,1295,9066.5,190.5,1253,1071.5,1392.5,1405,1043.5,904.5,557.5,497,2097,175.5,166,497,1099.5,2356,146.5,681.5,850.5,41.5,829,1070,844.5,4751,663.5,1750,2732,119.5,511.5,1477,87.5,479.5,1799,169.5,600.5,811.5,133,434,1126,1833,164.5,2062,505,65,5319,722,55.5,1601,109,2694.5,1891,258,266.5,956,309,1403.5,517,151,216.5,3135,188,3716.5,1605,545,2174,1406.5,3822.5,372.5,66.5,245,979.5,150.5,3989,620.5,568,958,1902.5,69.5,609,1483,116.5,1514,564.5,1653,309.5,879.5,207,1752.5,636.5,253.5,1239,2325,87,2265.5,293,1664.5,849.5,102.5,1956,0,197,300,723,822.5,397.5,238.5,192.5,549.5,1376,1160,938,496,539,898,412,1066.5,205,745.5,61,3451,0,1418,1581.5,316,571.5,886.5,805.5,229.5,1899.5,201,1502,1018,244.5,1110.5,429,469.5,423,1264,1437,604,2798,1236,753.5,613.5,2249,566.5,115.5,959,1076.5,147.5,168,208.5,175.5,1208,366,164.5,444,1679,851.5,884.5,99.5,1712.5,190,36.5,1905.5,949,615.5,1257,2216.5,2406,135,642.5,842,900
"54","MF0092","lactate production",4,74,155,5,163,84,122,12,45,246,14,3,9,4,487,1364,65,42,16,2,218,13,36,77,129,10,12,47,18,375,48,112,47,55,8,119,38,66,48,32,183,261,0,115,9,18,33,21,103,49,33,18,144,2,36,15,36,25,51,44,142,176,15,16,187,46,10,344,314,18,244,352,41,40,50,8,10,30,107,54,7,25,135,126,42,29,8,66,104,15,11,74,145,76,15,560,19,47,77,27,513,1070,15,75,282,347,9,101,33,107,11,145,3,8,5,68,6,17,64,600,21,124,251,235,529,127,153,276,2,20,31,273,17,108,439,48,115,7,85,139,46,35,116,21,13,104,28,6,33,3,661,272,6,20,219,100,81,45,49,32,225,79,422,159,101,26,331,256,69,5,11,276,12,30,9,11,51,54,52,61,62,42,187,141,145,216,9,31,19,76,13,115,129,32,274,2,260,42,65,19,115,2,7,2,249,128,6,17,115,130,493,5,47,0,353,25,67,8,77,31,263,11,101,7,34,105,20,41,26,272,12,21,33,41,182,134,31,24,207,158,82,216,181,130,62,140,8,170,268,61,5,4,2,4,280,33,18,16,363,14,223,7,466,6,6,783,47,44,95,39,238,42,341,4,127
"55","MF0090","ethanol production I",9,253,33,14,55,8,42,23,20,3326,16,3,0,6,11,152,95,5,23,19,396,18,9,79,3,43,10,0,6,55,67,44,21,7,11,50,16,40,8,31,39,54,1,27,44,14,184,9,33,67,15,21,91,0,49,8,18,5,37,10,11,55,5,11,23,30,12,175,2,13,374,30,331,16,31,13,14,9,271,44,51,24,9,29,33,15,8,4,420,19,2,95,242,426,34,81,3,29,25,6,157,499,27,29,73,96,30,30,16,66,9,23,15,28,10,31,21,34,23,111,21,650,216,18,112,10,7,23,4,25,140,22,23,31,402,21,16,25,34,47,137,953,157,17,20,361,33,3,80,0,1159,127,8,2,56,46,142,148,16,10,95,28,41,40,65,26,112,104,27,10,4,122,7,23,23,34,13,18,10,22,39,5,40,89,23,389,12,13,10,13,21,60,15,16,1151,10,747,8,112,53,13,5,21,2,860,16,11,77,18,19,244,9,42,2,155,38,32,4,22,45,38,16,1601,9,35,29,17,29,40,62,1,15,53,74,83,13,17,13,31,43,48,23,65,73,18,60,5,142,182,4,6,4,0,3,115,9,18,68,155,19,18,1,180,10,19,1733,4,11,102,18,872,6,66,26,32
"56","MF0016","fucose degradation",130,309,53,19,43,675,537.5,258.5,43,485,8,73,0,137,733,62,47,559,115,30,47,71,41.5,521.5,2515,1508,503,29,131,186,78,220,51,6,554.5,536,1288,556.5,0,41,1221,70,114,770,32,227.5,584,162,17,46,449.5,1122,15,93,505,83,156,161.5,50,3,7,88,175,319,7,494.5,26,4,774,525,57,770,53,135.5,275,65,504,121,274,156,136,13,5,8,78,50,18,186.5,930,9,49.5,17,110,419,7,23,402,162.5,8,44,95,188,199,43,922,68,29,106,10,37,9,466,155,171,353,465.5,1324,134,50,29,46,619.5,54,504,1032.5,33,34,20,160,19,36,42.5,21,732,174,25,48,8,221.5,2,2,199,40,8,43.5,72,6,47,680.5,92,298,1147,0,144.5,24,132.5,74,44,90,131,0,252,12,768,296,1247,18,168,156,51.5,140,14,87,2,16,274,26,941,0,55,202,0,1456,48,1119,78,484,0,1117,176,204,430.5,1618,109,130,227,1978,466.5,81,62,2,23,141.5,8,332,322.5,179,172,6,25,59,349.5,11,194,72,63,134,129.5,360.5,44,2717,6,822.5,67,24,281.5,238,137.5,0,1506,151,1047,54,346,31,0,247,124,1599,66,15,1486,227,9,356.5,25,42,151,53,380,32,150.5,115.5,156,137,83.5,0,330,113,387,779,150,47,237,34,204,888,361.5,54,14,178,0,108,700,23
"57","MF0017","galactose degradation",88,374,697,422,569,1034,848,378,587,1562,269,58,250,131,1434,4903,292,357,228,46,909,629,144,965,1796,1440,761,213,90,1885,77,318,713,407,1115,677,845,868,204,453,1087,1082,53,649,43,269,715,172,428,738,346,1116,472,19,596,81,345,94,538,586,676,3465,246,630,997,480,644,733,885,327,1085,2137,210,201,672,69,668,111,615,274,125,558,950,1328,389,385,176,339,365,471,94,381,515,188,265,1846,249,183,314,274,1354,5943,186,672,1305,1718,569,460,460,641,144,1003,78,73,254,893,861,101,552,578,99,712,757,748,2785,1172,1349,1014,73,438,680,175,439,762,448,347,883,79,390,864,1713,337,1123,276,36,2063,593,32,1260,99,2447,1187,55,259,1029,234,914,406,126,227,509,339,2134,752,470,931,996,1824,294,27,100,912,57,1558,349,328,615,1071,131,338,913,189,1076,366,625,396,501,103,903,566,231,491,1250,126,2195,223,721,804,143,1041,53,108,170,252,838,486,92,207,1182,742,1274,841,252,215,1936,288,822,161,633,143,2341,132,843,455,424,405,317,581,414,1054,101,913,679,233,666,749,151,339,1073,712,304,1231,1038,578,378,1012,170,274,968,402,113,187,84,124,1175,149,108,84,1257,251,1868,111,1548,176,78,2645,789,267,950,687,1811,140,1279,651,735
"58","MF0014","arabinose degradation",91,508,545.5,703,658.5,1197.5,702,451,571,996.5,215.5,47,347.5,91,1377.5,5191.5,422,405.5,214,50.5,857.5,903.5,152,445.5,2047,984,754.5,188,181,2006.5,68,378,551,742,571,846.5,979.5,637.5,196.5,560.5,1267.5,1137,124.5,0,0,351,799.5,283,712,1142.5,398.5,1925.5,352.5,26.5,471,71.5,308,66,701,621.5,575.5,2619.5,268,422,1162,690,1050.5,502.5,1284,495.5,838.5,1760,105,255,350.5,62.5,602.5,82,415,216.5,118.5,752,973,1336,219,234,188.5,260,520.5,746.5,90.5,376,581.5,167,119,2011.5,253,94.5,223,226,766,9259,88,929,633,2267.5,914,657,431.5,710,151,720.5,76.5,52,333,623.5,1146.5,84,542.5,374,25.5,721,994,787,2729,810,1592.5,1308.5,49.5,433,586,67.5,362,785,372,245,761,132.5,315.5,566.5,1087,343.5,1065.5,401.5,64,2568,359,24,861,62,2216,952,96,248,815.5,182,551.5,408,123,143.5,704,374.5,2552,755.5,384,978.5,784,2138,373,36,104.5,546,73,1790,284.5,482.5,541.5,1057,128.5,546,1153.5,125.5,1480.5,282,492,419,403,0,1035,722,186.5,320,0,160.5,2605.5,191.5,1030.5,570,128,1423.5,0,131,119.5,348,820.5,538,109,222,876,941.5,872,355,291.5,331,2251.5,199.5,930,175.5,482,69.5,1944,117,562.5,1156.5,367.5,361.5,248,365,422.5,1067.5,109.5,862,388,310.5,411.5,701,0,231,1257.5,742,206.5,0,729,437.5,474.5,1358,344.5,176.5,757,672,115,119.5,153,110.5,995.5,0,56.5,188,721.5,492.5,1238.5,0,1105.5,227.5,0,1881,526.5,367,580,393.5,1930,292,909.5,471.5,702
"59","MF0058","lysine degradation II",0,0,2,6,5,0,0,0,9,0,4,0,0,0,0,175,138,0,4,0,9,3,2,4,0,2,0,2,0,28,6,3,10,0,0,1,6,0,0,29,1,34,0,0,0,4,3,0,11,63,0,0,0,0,2,1,8,0,0,7,9,28,0,9,10,0,0,5,0,0,128,9,4,2,15,0,4,2,121,0,0,0,11,23,0,0,0,12,0,3,8,7,274,0,2,0,1,1,1,0,7,34,2,0,5,7,21,0,6,1,0,0,0,0,0,0,0,6,6,4,4,0,90,0,0,6,2,0,0,2,6,21,0,0,51,1,0,19,12,0,2,3,89,16,0,51,4,0,0,0,811,0,0,0,6,0,213,0,0,0,0,4,37,0,7,4,8,0,0,0,0,2,4,0,8,0,5,0,2,0,1,0,2,2,0,267,0,0,0,2,0,4,0,0,16,2,0,4,22,38,4,10,4,0,890,8,0,0,5,12,6,0,12,4,70,0,33,6,0,38,2,1,0,2,33,2,6,0,0,0,0,6,36,0,12,0,0,1,0,5,42,0,32,0,0,13,1,2,2,3,7,2,0,0,37,0,0,2,2,2,14,0,0,3,2,101,3,2,10,0,10,0,0,0,4
"60","MF0015","fructose degradation",5,0,9,17,5,14,19,1,119,185,16,1,1,4,96,282,22,17,0,0,16,83,4,33,15,46,0,3,2,31,18,12,64,16,17,46,21,67,8,17,0,15,8,4,0,12,13,36,78,82,14,68,9,5,24,0,2,1,27,23,126,313,0,1,23,135,25,32,60,35,40,413,4,0,8,2,18,0,72,13,2,1,84,37,3,20,14,73,39,18,18,4,58,12,9,9,5,12,3,12,40,220,14,63,58,29,7,13,27,15,4,54,0,2,18,23,3,8,116,162,1,111,86,3,27,184,17,19,5,5,24,141,9,22,71,4,17,4,2,117,48,0,72,11,0,8,32,2,30,0,249,5,4,33,36,27,49,16,7,20,13,10,42,2,10,3,45,29,0,0,4,34,0,7,8,24,11,2,0,5,5,7,3,32,14,82,52,2,6,1,12,27,10,2,571,8,80,178,16,11,63,1,18,14,166,65,1,0,150,16,45,5,4,3,51,2,175,37,22,5,45,4,69,37,75,38,3,9,3,49,2,8,12,3,78,13,2,2,22,28,24,11,25,55,26,90,7,20,11,5,12,6,10,0,55,5,5,4,11,13,321,17,30,4,7,444,66,36,128,32,32,0,9,12,7
"61","MF0056","histidine degradation",114,440,501,821,542,1290,642,472,569,903,314,41,450,127,1210,7220,407,421,166,32,567,936,53,449,2187,1721,1227,137,220,1220,60,279,604,825,1043,827,1022,563,141,666,1122,1091,131,646,0,348,852,249,597,1219,373,1939,362,30,556,41,383,76,649,700,632,4038,397,582,1263,631,1274,361,975,657,1126,1007,77,366,517,53,945,67,815,159,178,877,769,2165,342,394,307,300,500,909,88,385,614,159,123,1626,345,65,206,264,765,10319,108,1163,843,760,1114,354,730,247,107,366,84,65,408,864,1826,103,593,314,48,373,753,705,1764,404,2035,1652,87,301,725,24,388,935,230,295,700,119,272,330,1867,172,622,516,70,3801,521,27,1347,62,2033,859,104,158,533,110,635,313,137,131,1009,200,2864,869,345,1357,430,1309,128,36,113,183,101,2985,403,476,441,1472,62,546,1172,99,1404,144,470,220,589,51,1306,623,119,235,1216,86,1533,302,901,468,102,1582,0,145,154,376,496,405,74,163,256,848,676,700,315,295,657,309,850,110,575,57,2835,80,493,679,166,265,325,338,280,786,134,879,405,256,302,387,192,186,1113,596,200,1067,628,220,380,1053,345,126,765,847,68,172,93,121,751,149,61,138,713,690,333,91,883,206,24,1132,378,455,314,568,1930,164,546,659,393
"62","MF0012","trehalose degradation",0,0,2,2,2,0,0,2,8,0,0,2,0,0,0,138,113,0,2,0,12,0,0,6,0,1,0,2,0,25,7,2,4,0,0,0,12,2,0,28,0,24,0,0,0,1,3,0,6,58,0,0,2,0,2,4,4,0,2,4,3,12,0,1,7,0,0,0,0,0,68,7,0,6,6,1,0,0,113,0,0,0,4,25,2,0,0,3,0,5,3,5,151,0,0,0,2,0,0,0,1,40,2,0,21,2,7,4,8,0,0,0,0,0,0,0,1,7,9,4,9,0,88,0,0,2,6,0,0,2,6,11,0,2,77,0,2,19,3,0,2,2,109,24,0,32,3,0,0,0,497,0,1,0,21,0,209,0,4,0,0,2,34,0,1,0,0,0,2,0,0,0,8,0,10,4,10,0,0,1,4,1,9,0,0,171,0,0,0,2,0,6,2,0,580,0,14,15,18,29,3,7,2,0,546,7,2,0,8,6,16,0,8,0,39,0,20,4,0,21,4,12,0,0,19,0,3,0,6,0,0,3,21,0,5,0,0,0,13,0,0,0,15,0,4,15,0,2,0,2,2,0,0,0,17,0,4,0,0,3,4,0,2,5,0,0,0,4,3,0,11,0,12,0,1
"63","MF0010","sucrose degradation I",107,238.5,477.5,385.5,421,567,413,365.5,474,1248.5,167.5,16.5,117,64,602,2887.5,274,274,105.5,45,720.5,877.5,97,268.5,1173,909.5,526.5,114,83.5,1368,60,324.5,516.5,224.5,731,396,593.5,434.5,127.5,308.5,914,747,55,335,31,140,597.5,170.5,290.5,944.5,249.5,787,170,25,410,55,167.5,55,360,515.5,528.5,2262.5,165,156,836,508,507,494,468,261.5,549,1389,79,204.5,153,78,293,70,429.5,157,54.5,376.5,1282.5,663.5,111,252.5,111.5,239,443,344,78.5,199,341.5,184,62,1636,189.5,71,225.5,184,550.5,4920.5,57.5,424,513,1281,371.5,398.5,303.5,545,75,875,47,62.5,167,602,550,49.5,418.5,305.5,40,796,503,693.5,1876,686,1082.5,751.5,62,408,376.5,160.5,361.5,781,407,193.5,930.5,118.5,124.5,781,1173.5,166,674,178,46,1334.5,287,21,786,61.5,1438,666,51.5,137.5,605.5,281.5,162.5,1008.5,247.5,115.5,296,284,1071,415.5,203,753,1122,1277,167,20,78,362.5,30.5,996,187.5,423.5,360.5,689.5,165.5,408.5,780.5,66.5,1043.5,282,413.5,225.5,357,60,489.5,503,111,247,829.5,118.5,1073.5,180.5,944.5,532.5,124.5,745,72,85,92.5,189.5,383,284.5,67.5,132,767,544.5,749.5,549,148,175,1644.5,173,690,153.5,400.5,51,1477,173.5,559.5,516.5,354,289,175,204,594.5,716.5,89.5,547.5,184.5,164,304,568,103.5,106.5,589,410.5,178,756,515,643.5,254.5,781.5,211,186.5,697.5,139,100.5,132,70,76.5,596.5,74.5,46,71.5,725.5,144.5,1075,73,713,181.5,36,2753.5,406,268,702.5,516.5,1729.5,148.5,1085,384,434
"64","MF0098","hydrogen metabolism",0,0,0,0,0,0,0,0,0,0,0,0,0,0,0,0,0,0,0,0,0,2,0,0,0,0,0,0,0,0,0,0,0,0,0,0,0,0,0,0,0,0,0,0,0,0,0,0,0,0,0,0,0,0,0,0,0,0,0,0,0,0,0,0,0,0,0,0,0,0,0,0,0,0,0,0,0,0,0,0,0,0,0,0,0,0,0,0,0,0,0,0,0,0,0,0,0,0,0,0,0,0,0,0,0,0,0,0,0,0,0,0,0,0,0,0,0,0,0,0,0,0,0,1,0,0,0,0,0,0,0,0,0,0,0,0,0,0,0,0,0,0,0,0,0,0,0,0,0,0,0,0,0,0,0,0,0,0,0,0,0,0,0,0,0,0,0,0,0,0,0,0,0,0,0,0,0,0,0,0,0,0,0,0,0,0,0,0,0,0,0,0,0,0,0,0,0,0,0,0,0,0,0,0,0,0,0,0,0,0,0,0,0,0,0,0,0,0,0,0,0,0,0,0,0,0,0,0,0,0,0,0,0,0,0,0,0,0,0,0,0,0,0,0,0,0,0,0,0,0,0,0,0,0,0,0,0,0,0,0,0,0,0,0,0,0,0,0,0,0,0,0,0,0,0
"65","MF0009","melibiose degradation",95,430,1347,1988,1645,1126,1548,580,954,782,362,93,304,164,2217,6227,217,385,418,68,968,3004,379,567,1818,1959,1769,503,149,7366,89,741,1434,883,557,1665,1102,615,228,1410,5466,2176,213,999,169,425,919,360,596,879,825,1638,653,45,1131,209,356,318,605,1042,841,8797,332,770,2027,562,2983,962,1168,731,1176,3730,126,185,645,91,1454,242,3085,536,181,938,961,1360,323,1395,354,475,448,972,236,671,720,190,101,4329,414,185,440,554,1643,8898,107,1357,1139,5024,1464,1186,1375,1323,233,912,115,60,641,782,1043,96,1133,847,225,624,1280,3257,6664,1492,2124,1658,257,504,1035,146,489,1081,1639,835,1439,130,505,1036,2224,519,2054,357,141,2370,609,56,1440,164,2993,2812,71,351,1804,341,769,780,170,110,437,912,3005,2827,717,2733,1440,7130,588,49,179,716,86,2156,478,429,2055,1203,315,1781,3829,230,4856,484,816,674,1335,121,880,2530,372,583,1863,218,2025,445,993,814,343,2432,81,441,175,701,914,1170,250,409,1364,1398,2685,420,463,1263,6088,320,2429,192,521,273,3081,108,558,2539,760,439,737,599,373,1341,323,1076,603,265,790,1293,299,343,1611,1188,579,1912,2405,689,528,1453,1227,626,1748,845,130,489,284,105,2713,273,97,302,2513,778,2726,118,2217,218,412,2007,1061,418,1154,797,2537,250,657,591,2256
